row_id,raw_id,front_url,rear_url,parallel_url
0,,https://acv-labs-acv-one.latest.acvauctions.com/image_raw/ab333fc5-ee45-4937-a70d-b5355adba976/left/bottom-front/lf_wheel_front_raw_2026-02-05_20-27-55_ZLKShwqXDVk.jpg,https://acv-labs-acv-one.latest.acvauctions.com/image_raw/ab333fc5-ee45-4937-a70d-b5355adba976/left/bottom-rear/lf_wheel_rear_raw_2026-02-05_20-28-24_-XH2TOebMbw.jpg,https://acv-labs-acv-one.latest.acvauctions.com/image_raw/ab333fc5-ee45-4937-a70d-b5355adba976/left/bottom-side/lf_wheel_raw_2026-02-05_20-28-10_R9uEe0yiA4k.jpg
1,,https://acv-labs-acv-one.latest.acvauctions.com/image_raw/ed41a20b-84c7-4e66-bdd0-9f3f3b120d99/left/bottom-front/lf_wheel_front_raw_2026-02-05_20-33-05_B4UU95s35f8.jpg,https://acv-labs-acv-one.latest.acvauctions.com/image_raw/ed41a20b-84c7-4e66-bdd0-9f3f3b120d99/left/bottom-rear/lf_wheel_rear_raw_2026-02-05_20-33-32_-a6pLYde094.jpg,https://acv-labs-acv-one.latest.acvauctions.com/image_raw/ed41a20b-84c7-4e66-bdd0-9f3f3b120d99/left/bottom-side/lf_wheel_raw_2026-02-05_20-33-18_tM74bXIUeBs.jpg
2,,https://acv-labs-acv-one.latest.acvauctions.com/image_raw/a521c6ff-2904-4318-9f3f-a033689be9ed/left/bottom-front/lf_wheel_front_raw_2026-02-05_20-37-51_8bcheS7ADUU.jpg,https://acv-labs-acv-one.latest.acvauctions.com/image_raw/a521c6ff-2904-4318-9f3f-a033689be9ed/left/bottom-rear/lf_wheel_rear_raw_2026-02-05_20-38-20_eFSVpDsJ_Ds.jpg,https://acv-labs-acv-one.latest.acvauctions.com/image_raw/a521c6ff-2904-4318-9f3f-a033689be9ed/left/bottom-side/lf_wheel_raw_2026-02-05_20-38-04_CgeZXcpGahA.jpg
3,,https://acv-labs-acv-one.latest.acvauctions.com/image_raw/500888e0-ff6c-43ec-aed5-0e866cfc9cde/left/bottom-front/lf_wheel_front_raw_2026-02-05_20-45-14_0iqxqUxn074.jpg,https://acv-labs-acv-one.latest.acvauctions.com/image_raw/500888e0-ff6c-43ec-aed5-0e866cfc9cde/left/bottom-rear/lf_wheel_rear_raw_2026-02-05_20-45-41_pUUyeQZRHCw.jpg,https://acv-labs-acv-one.latest.acvauctions.com/image_raw/500888e0-ff6c-43ec-aed5-0e866cfc9cde/left/bottom-side/lf_wheel_raw_2026-02-05_20-45-28_yVCnUsNoVVE.jpg
4,,https://acv-labs-acv-one.latest.acvauctions.com/image_raw/91bffd08-173b-4b65-8e95-b8fe5a16465e/left/bottom-front/lf_wheel_front_raw_2026-02-05_20-49-57_qozrTmEeGik.jpg,https://acv-labs-acv-one.latest.acvauctions.com/image_raw/91bffd08-173b-4b65-8e95-b8fe5a16465e/left/bottom-rear/lf_wheel_rear_raw_2026-02-05_20-50-27_2FMz8Pap7Xs.jpg,https://acv-labs-acv-one.latest.acvauctions.com/image_raw/91bffd08-173b-4b65-8e95-b8fe5a16465e/left/bottom-side/lf_wheel_raw_2026-02-05_20-50-12_JMlDPyLHALA.jpg
5,,https://acv-labs-acv-one.latest.acvauctions.com/image_raw/01cb81d2-1977-45c5-8aea-80de13d026d7/left/bottom-front/lf_wheel_front_raw_2026-02-05_20-52-33_dFu0ujwWH5Y.jpg,https://acv-labs-acv-one.latest.acvauctions.com/image_raw/01cb81d2-1977-45c5-8aea-80de13d026d7/left/bottom-rear/lf_wheel_rear_raw_2026-02-05_20-53-04_lTsKDG3PuZw.jpg,https://acv-labs-acv-one.latest.acvauctions.com/image_raw/01cb81d2-1977-45c5-8aea-80de13d026d7/left/bottom-side/lf_wheel_raw_2026-02-05_20-52-48_ugXZ_XZgk4o.jpg
6,,https://acv-labs-acv-one.latest.acvauctions.com/image_raw/efa50896-7cb9-4dfc-910a-245253caa1a4/left/bottom-front/lf_wheel_front_raw_2026-02-05_20-55-08_Hk-Av3pXpbo.jpg,https://acv-labs-acv-one.latest.acvauctions.com/image_raw/efa50896-7cb9-4dfc-910a-245253caa1a4/left/bottom-rear/lf_wheel_rear_raw_2026-02-05_20-55-38_xu4ARxgwozU.jpg,https://acv-labs-acv-one.latest.acvauctions.com/image_raw/efa50896-7cb9-4dfc-910a-245253caa1a4/left/bottom-side/lf_wheel_raw_2026-02-05_20-55-23_JpZCxYPrbfY.jpg
7,,https://acv-labs-acv-one.latest.acvauctions.com/image_raw/a4f7120c-1720-44cc-82a8-2782a9be5c1a/left/bottom-front/lf_wheel_front_raw_2026-02-05_21-12-45_oM4EX1BWBOs.jpg,https://acv-labs-acv-one.latest.acvauctions.com/image_raw/a4f7120c-1720-44cc-82a8-2782a9be5c1a/left/bottom-rear/lf_wheel_rear_raw_2026-02-05_21-13-14_tXxqsq9Dn54.jpg,https://acv-labs-acv-one.latest.acvauctions.com/image_raw/a4f7120c-1720-44cc-82a8-2782a9be5c1a/left/bottom-side/lf_wheel_raw_2026-02-05_21-13-00_hDkBEIbizA8.jpg
8,,https://acv-labs-acv-one.latest.acvauctions.com/image_raw/a09d522f-f14f-4aff-8f84-c323e8f5efc2/left/bottom-front/lf_wheel_front_raw_2026-02-05_21-22-30_ktD6wVpE9Hs.jpg,https://acv-labs-acv-one.latest.acvauctions.com/image_raw/a09d522f-f14f-4aff-8f84-c323e8f5efc2/left/bottom-rear/lf_wheel_rear_raw_2026-02-05_21-22-59_JRRHHwRuQiw.jpg,https://acv-labs-acv-one.latest.acvauctions.com/image_raw/a09d522f-f14f-4aff-8f84-c323e8f5efc2/left/bottom-side/lf_wheel_raw_2026-02-05_21-22-45_gw2cASQdcks.jpg
9,,https://acv-labs-acv-one.latest.acvauctions.com/image_raw/9a9a21c4-426f-4d5c-8652-de884fcfa99e/left/bottom-front/lf_wheel_front_raw_2026-02-05_21-27-20_ei4Z3HIuENo.jpg,https://acv-labs-acv-one.latest.acvauctions.com/image_raw/9a9a21c4-426f-4d5c-8652-de884fcfa99e/left/bottom-rear/lf_wheel_rear_raw_2026-02-05_21-27-47_mVJf-kr7slc.jpg,https://acv-labs-acv-one.latest.acvauctions.com/image_raw/9a9a21c4-426f-4d5c-8652-de884fcfa99e/left/bottom-side/lf_wheel_raw_2026-02-05_21-27-33_bLvwr4dtYpI.jpg
10,,https://acv-labs-acv-one.latest.acvauctions.com/image_raw/cdedc7ec-4610-477b-9cf1-23e44c22ec3d/left/bottom-front/lf_wheel_front_raw_2026-02-05_21-29-38_uwrt0Yojwoc.jpg,https://acv-labs-acv-one.latest.acvauctions.com/image_raw/cdedc7ec-4610-477b-9cf1-23e44c22ec3d/left/bottom-rear/lf_wheel_rear_raw_2026-02-05_21-30-07_ihaGaWiD0LE.jpg,https://acv-labs-acv-one.latest.acvauctions.com/image_raw/cdedc7ec-4610-477b-9cf1-23e44c22ec3d/left/bottom-side/lf_wheel_raw_2026-02-05_21-29-53_4L3MmcDPgsE.jpg
11,,https://acv-labs-acv-one.latest.acvauctions.com/image_raw/9089c7d3-82a2-44cf-9e34-bdd28a1faae0/left/bottom-front/lf_wheel_front_raw_2026-02-05_21-31-59_GouymROd9Tk.jpg,https://acv-labs-acv-one.latest.acvauctions.com/image_raw/9089c7d3-82a2-44cf-9e34-bdd28a1faae0/left/bottom-rear/lf_wheel_rear_raw_2026-02-05_21-32-28_ThugcdsQ9ZY.jpg,https://acv-labs-acv-one.latest.acvauctions.com/image_raw/9089c7d3-82a2-44cf-9e34-bdd28a1faae0/left/bottom-side/lf_wheel_raw_2026-02-05_21-32-14_Rr-3h9exJhw.jpg
12,,https://acv-labs-acv-one.latest.acvauctions.com/image_raw/0ea27bfa-a115-4919-bce0-7a3385796500/left/bottom-front/lf_wheel_front_raw_2026-02-05_21-41-35_AGuug8v_4Kc.jpg,https://acv-labs-acv-one.latest.acvauctions.com/image_raw/0ea27bfa-a115-4919-bce0-7a3385796500/left/bottom-rear/lf_wheel_rear_raw_2026-02-05_21-42-03_7ewWEDFTNtA.jpg,https://acv-labs-acv-one.latest.acvauctions.com/image_raw/0ea27bfa-a115-4919-bce0-7a3385796500/left/bottom-side/lf_wheel_raw_2026-02-05_21-41-49_x-84j4Vlp_g.jpg
13,,https://acv-labs-acv-one.latest.acvauctions.com/image_raw/7e764110-b369-4dd2-b823-efe5523b6068/left/bottom-front/lf_wheel_front_raw_2026-02-05_21-43-58_-B_aSafSPGs.jpg,https://acv-labs-acv-one.latest.acvauctions.com/image_raw/7e764110-b369-4dd2-b823-efe5523b6068/left/bottom-rear/lf_wheel_rear_raw_2026-02-05_21-44-27_HYPeo_DY6rk.jpg,https://acv-labs-acv-one.latest.acvauctions.com/image_raw/7e764110-b369-4dd2-b823-efe5523b6068/left/bottom-side/lf_wheel_raw_2026-02-05_21-44-13_6r8ZhTdyE6E.jpg
14,,https://acv-labs-acv-one.latest.acvauctions.com/image_raw/1d79059c-b737-4302-a431-5c905742c080/left/bottom-front/lf_wheel_front_raw_2026-02-05_21-48-52_-RspqIAm3jA.jpg,https://acv-labs-acv-one.latest.acvauctions.com/image_raw/1d79059c-b737-4302-a431-5c905742c080/left/bottom-rear/lf_wheel_rear_raw_2026-02-05_21-49-20_5pC_aXuXl78.jpg,https://acv-labs-acv-one.latest.acvauctions.com/image_raw/1d79059c-b737-4302-a431-5c905742c080/left/bottom-side/lf_wheel_raw_2026-02-05_21-49-07_mpxW3UDvNS0.jpg
15,,https://acv-labs-acv-one.latest.acvauctions.com/image_raw/38c858d4-91e9-451d-adc0-6ab35f8d2709/left/bottom-front/lf_wheel_front_raw_2026-02-05_21-51-17_aD_x7Lx1WZ8.jpg,https://acv-labs-acv-one.latest.acvauctions.com/image_raw/38c858d4-91e9-451d-adc0-6ab35f8d2709/left/bottom-rear/lf_wheel_rear_raw_2026-02-05_21-51-45_umkAaSMKvw8.jpg,https://acv-labs-acv-one.latest.acvauctions.com/image_raw/38c858d4-91e9-451d-adc0-6ab35f8d2709/left/bottom-side/lf_wheel_raw_2026-02-05_21-51-31_Yo9Z0Cc4wPo.jpg
16,,https://acv-labs-acv-one.latest.acvauctions.com/image_raw/d10a1c8b-85e7-4863-8ebf-dfe12919cb05/left/bottom-front/lf_wheel_front_raw_2026-02-05_22-01-08_RUzizLV68q0.jpg,https://acv-labs-acv-one.latest.acvauctions.com/image_raw/d10a1c8b-85e7-4863-8ebf-dfe12919cb05/left/bottom-rear/lf_wheel_rear_raw_2026-02-05_22-01-39_s5_LAquO6ZE.jpg,https://acv-labs-acv-one.latest.acvauctions.com/image_raw/d10a1c8b-85e7-4863-8ebf-dfe12919cb05/left/bottom-side/lf_wheel_raw_2026-02-05_22-01-24_TAaLB5MfJ4s.jpg
17,,https://acv-labs-acv-one.latest.acvauctions.com/image_raw/4e625d0a-1f00-43f2-97ad-987a1be7607e/left/bottom-front/lf_wheel_front_raw_2026-02-05_22-13-38_EEeI_38-3pg.jpg,https://acv-labs-acv-one.latest.acvauctions.com/image_raw/4e625d0a-1f00-43f2-97ad-987a1be7607e/left/bottom-rear/lf_wheel_rear_raw_2026-02-05_22-14-06_aI8d0Z-wkLY.jpg,https://acv-labs-acv-one.latest.acvauctions.com/image_raw/4e625d0a-1f00-43f2-97ad-987a1be7607e/left/bottom-side/lf_wheel_raw_2026-02-05_22-13-52_VRTZp7R7wDc.jpg
18,,https://acv-labs-acv-one.latest.acvauctions.com/image_raw/f7b8403e-7dd2-4685-870f-c330b461d4ae/left/bottom-front/lf_wheel_front_raw_2026-02-05_22-18-37_rkzk6tDpF00.jpg,https://acv-labs-acv-one.latest.acvauctions.com/image_raw/f7b8403e-7dd2-4685-870f-c330b461d4ae/left/bottom-rear/lf_wheel_rear_raw_2026-02-05_22-19-09_iPXzdRfnod0.jpg,https://acv-labs-acv-one.latest.acvauctions.com/image_raw/f7b8403e-7dd2-4685-870f-c330b461d4ae/left/bottom-side/lf_wheel_raw_2026-02-05_22-18-54_urdNvPECflY.jpg
19,,https://acv-labs-acv-one.latest.acvauctions.com/image_raw/be70dc07-92ad-4b27-b55c-d7e060b00596/left/bottom-front/lf_wheel_front_raw_2026-02-05_22-28-19_aLskC01OYKo.jpg,https://acv-labs-acv-one.latest.acvauctions.com/image_raw/be70dc07-92ad-4b27-b55c-d7e060b00596/left/bottom-rear/lf_wheel_rear_raw_2026-02-05_22-29-03_51jKjP8yVuQ.jpg,https://acv-labs-acv-one.latest.acvauctions.com/image_raw/be70dc07-92ad-4b27-b55c-d7e060b00596/left/bottom-side/lf_wheel_raw_2026-02-05_22-28-45_gWP7EeGr4i4.jpg
20,,https://acv-labs-acv-one.latest.acvauctions.com/image_raw/c3ede675-b095-4254-8c4b-4ee71e6eb167/left/bottom-front/lf_wheel_front_raw_2026-02-05_23-06-24_4fT8ly4I5wc.jpg,https://acv-labs-acv-one.latest.acvauctions.com/image_raw/c3ede675-b095-4254-8c4b-4ee71e6eb167/left/bottom-rear/lf_wheel_rear_raw_2026-02-05_23-06-52_J4SwC9I1Rtc.jpg,https://acv-labs-acv-one.latest.acvauctions.com/image_raw/c3ede675-b095-4254-8c4b-4ee71e6eb167/left/bottom-side/lf_wheel_raw_2026-02-05_23-06-38_b_JgR1rfxQU.jpg
21,,https://acv-labs-acv-one.latest.acvauctions.com/image_raw/d2514d50-c92b-4e44-b82c-593aa75bcd27/left/bottom-front/lf_wheel_front_raw_2026-02-05_23-15-46_hSX8NgPjW44.jpg,https://acv-labs-acv-one.latest.acvauctions.com/image_raw/d2514d50-c92b-4e44-b82c-593aa75bcd27/left/bottom-rear/lf_wheel_rear_raw_2026-02-05_23-16-15_LI4G9z8u64Y.jpg,https://acv-labs-acv-one.latest.acvauctions.com/image_raw/d2514d50-c92b-4e44-b82c-593aa75bcd27/left/bottom-side/lf_wheel_raw_2026-02-05_23-16-00_Ay6ZMPUIFCo.jpg
22,,https://acv-labs-acv-one.latest.acvauctions.com/image_raw/ca98062a-aa2f-4051-9cbf-0e56184cee18/left/bottom-front/lf_wheel_front_raw_2026-02-05_23-30-03_UdnPF6FvU8w.jpg,https://acv-labs-acv-one.latest.acvauctions.com/image_raw/ca98062a-aa2f-4051-9cbf-0e56184cee18/left/bottom-rear/lf_wheel_rear_raw_2026-02-05_23-30-30_5GT6urRuyh0.jpg,https://acv-labs-acv-one.latest.acvauctions.com/image_raw/ca98062a-aa2f-4051-9cbf-0e56184cee18/left/bottom-side/lf_wheel_raw_2026-02-05_23-30-17_brFjOdJNi_4.jpg
23,,https://acv-labs-acv-one.latest.acvauctions.com/image_raw/ed41a20b-84c7-4e66-bdd0-9f3f3b120d99/left/bottom-front/lr_wheel_front_raw_2026-02-05_20-33-05_7JuKDdDxBJc.jpg,https://acv-labs-acv-one.latest.acvauctions.com/image_raw/ed41a20b-84c7-4e66-bdd0-9f3f3b120d99/left/bottom-rear/lr_wheel_rear_raw_2026-02-05_20-33-33_5_cWGHvQAzQ.jpg,https://acv-labs-acv-one.latest.acvauctions.com/image_raw/ed41a20b-84c7-4e66-bdd0-9f3f3b120d99/left/bottom-side/lr_wheel_raw_2026-02-05_20-33-19_pl7ub9_uhg4.jpg
24,,https://acv-labs-acv-one.latest.acvauctions.com/image_raw/fe542df4-ff1f-40e9-aa56-c3482b16e681/right/bottom-front/rf_wheel_front_raw_2026-02-05_23-38-24_sy5mkJCQvfQ.jpg,https://acv-labs-acv-one.latest.acvauctions.com/image_raw/fe542df4-ff1f-40e9-aa56-c3482b16e681/right/bottom-rear/rf_wheel_rear_raw_2026-02-05_23-38-53_HK9NTN_566o.jpg,https://acv-labs-acv-one.latest.acvauctions.com/image_raw/fe542df4-ff1f-40e9-aa56-c3482b16e681/right/bottom-side/rf_wheel_raw_2026-02-05_23-38-39_RWKSWr9Blyo.jpg
25,,https://acv-labs-acv-one.latest.acvauctions.com/image_raw/62b90c0c-94b5-4800-9898-2973dbb642de/right/bottom-front/rf_wheel_front_raw_2026-02-05_23-36-01_Wt-bV2Icf6g.jpg,https://acv-labs-acv-one.latest.acvauctions.com/image_raw/62b90c0c-94b5-4800-9898-2973dbb642de/right/bottom-rear/rf_wheel_rear_raw_2026-02-05_23-36-28_Vkb5xpqtm5c.jpg,https://acv-labs-acv-one.latest.acvauctions.com/image_raw/62b90c0c-94b5-4800-9898-2973dbb642de/right/bottom-side/rf_wheel_raw_2026-02-05_23-36-14_JWzBLaYws6I.jpg
26,,https://acv-labs-acv-one.latest.acvauctions.com/image_raw/c3ede675-b095-4254-8c4b-4ee71e6eb167/right/bottom-front/rf_wheel_front_raw_2026-02-05_23-07-33_ypJRWEy6YPg.jpg,https://acv-labs-acv-one.latest.acvauctions.com/image_raw/c3ede675-b095-4254-8c4b-4ee71e6eb167/right/bottom-rear/rf_wheel_rear_raw_2026-02-05_23-08-00_Xtuv3nB4FG0.jpg,https://acv-labs-acv-one.latest.acvauctions.com/image_raw/c3ede675-b095-4254-8c4b-4ee71e6eb167/right/bottom-side/rf_wheel_raw_2026-02-05_23-07-47_hQfoKMPSZso.jpg
27,,https://acv-labs-acv-one.latest.acvauctions.com/image_raw/d10a1c8b-85e7-4863-8ebf-dfe12919cb05/right/bottom-front/rf_wheel_front_raw_2026-02-05_22-02-26_I6T3n23ekzc.jpg,https://acv-labs-acv-one.latest.acvauctions.com/image_raw/d10a1c8b-85e7-4863-8ebf-dfe12919cb05/right/bottom-rear/rf_wheel_rear_raw_2026-02-05_22-02-56_PM9NzaWGhHw.jpg,https://acv-labs-acv-one.latest.acvauctions.com/image_raw/d10a1c8b-85e7-4863-8ebf-dfe12919cb05/right/bottom-side/rf_wheel_raw_2026-02-05_22-02-42_ON-dQ12V_9g.jpg
28,,https://acv-labs-acv-one.staging.acvauctions.com/image_raw/f5d10ba6-0e8e-4a73-85dc-710fa7a86835/left/bottom-front/lf_wheel_front_raw_2025-10-24_16-15-12_AJ66XR4jQ2A.jpg,https://acv-labs-acv-one.staging.acvauctions.com/image_raw/f5d10ba6-0e8e-4a73-85dc-710fa7a86835/left/bottom-rear/lf_wheel_rear_raw_2025-10-24_16-15-12_lnt9Q-rNHqo.jpg,https://acv-labs-acv-one.staging.acvauctions.com/image_raw/f5d10ba6-0e8e-4a73-85dc-710fa7a86835/left/bottom-side/lf_wheel_raw_2025-10-24_16-15-11_12MNkzAv0CY.jpg
29,,https://acv-labs-acv-one.acvauctions.com/image_raw/466f945f-8b3f-4f72-a37b-52f48c0d2c63/left/bottom-front/lf_wheel_front_raw_2025-10-24_16-46-51_jvAfnybzev4.jpg,https://acv-labs-acv-one.acvauctions.com/image_raw/466f945f-8b3f-4f72-a37b-52f48c0d2c63/left/bottom-rear/lf_wheel_rear_raw_2025-10-24_16-46-53_jPpjoZOXenI.jpg,https://acv-labs-acv-one.acvauctions.com/image_raw/466f945f-8b3f-4f72-a37b-52f48c0d2c63/left/bottom-side/lf_wheel_raw_2025-10-24_16-46-51_UrzxMzmb7Lo.jpg
30,,https://acv-labs-acv-one.acvauctions.com/image_raw/4e43794d-f8f7-47d2-82dc-cad2314ebef7/left/bottom-front/lf_wheel_front_raw_2025-10-24_17-40-52_-w-NasrkBV4.jpg,https://acv-labs-acv-one.acvauctions.com/image_raw/4e43794d-f8f7-47d2-82dc-cad2314ebef7/left/bottom-rear/lf_wheel_rear_raw_2025-10-24_17-40-53_zaqGp_qaNmo.jpg,https://acv-labs-acv-one.acvauctions.com/image_raw/4e43794d-f8f7-47d2-82dc-cad2314ebef7/left/bottom-side/lf_wheel_raw_2025-10-24_17-40-53_sFp4RDVuxyA.jpg
31,,https://acv-labs-acv-one.acvauctions.com/image_raw/4582544d-7ecc-4741-91cc-3d912625482b/left/bottom-front/lf_wheel_front_raw_2025-10-24_17-44-02_w8D0KI_66jc.jpg,https://acv-labs-acv-one.acvauctions.com/image_raw/4582544d-7ecc-4741-91cc-3d912625482b/left/bottom-rear/lf_wheel_rear_raw_2025-10-24_17-44-04_PyxI1165zE8.jpg,https://acv-labs-acv-one.acvauctions.com/image_raw/4582544d-7ecc-4741-91cc-3d912625482b/left/bottom-side/lf_wheel_raw_2025-10-24_17-44-02_KRvQoL5OEKg.jpg
32,,https://acv-labs-acv-one.acvauctions.com/image_raw/da3bf677-bcee-4d57-86dd-035ea5cd27c5/left/bottom-front/lf_wheel_front_raw_2025-11-07_17-03-28_aHkHtAdi5wk.jpg,https://acv-labs-acv-one.acvauctions.com/image_raw/da3bf677-bcee-4d57-86dd-035ea5cd27c5/left/bottom-rear/lf_wheel_rear_raw_2025-11-07_17-03-30_VrBPoCvpNyo.jpg,https://acv-labs-acv-one.acvauctions.com/image_raw/da3bf677-bcee-4d57-86dd-035ea5cd27c5/left/bottom-side/lf_wheel_raw_2025-11-07_17-03-29_h4r6VXY49ew.jpg
33,,https://acv-labs-acv-one.acvauctions.com/image_raw/dd9a51fc-7acb-47c9-8e52-f727b3aee806/left/bottom-front/lf_wheel_front_raw_2025-11-14_17-40-51_Y_gBDzehvRw.jpg,https://acv-labs-acv-one.acvauctions.com/image_raw/dd9a51fc-7acb-47c9-8e52-f727b3aee806/left/bottom-rear/lf_wheel_rear_raw_2025-11-14_17-40-53_ePS_Ymoe_tY.jpg,https://acv-labs-acv-one.acvauctions.com/image_raw/dd9a51fc-7acb-47c9-8e52-f727b3aee806/left/bottom-side/lf_wheel_raw_2025-11-14_17-40-52_7SbEwwQIV7g.jpg
34,,https://acv-labs-acv-one.acvauctions.com/image_raw/9b0d4808-9059-4d32-abf4-d36128a86ed6/right/bottom-front/rf_wheel_front_raw_2025-12-03_21-39-39_b8lPtzqFr4w.jpg,https://acv-labs-acv-one.acvauctions.com/image_raw/9b0d4808-9059-4d32-abf4-d36128a86ed6/right/bottom-rear/rf_wheel_rear_raw_2025-12-03_21-39-38_krhRSSIHxp8.jpg,https://acv-labs-acv-one.acvauctions.com/image_raw/9b0d4808-9059-4d32-abf4-d36128a86ed6/right/bottom-side/rf_wheel_raw_2025-12-03_21-39-38_oCI9Ue1JVlQ.jpg
35,,https://acv-labs-acv-one.acvauctions.com/image_raw/95dd324f-ac0c-48a3-a0ce-cf136869738d/right/bottom-front/rf_wheel_front_raw_2025-12-03_22-06-22_m2JDz78VDC8.jpg,https://acv-labs-acv-one.acvauctions.com/image_raw/95dd324f-ac0c-48a3-a0ce-cf136869738d/right/bottom-rear/rf_wheel_rear_raw_2025-12-03_22-06-23_buEuGDtPCgo.jpg,https://acv-labs-acv-one.acvauctions.com/image_raw/95dd324f-ac0c-48a3-a0ce-cf136869738d/right/bottom-side/rf_wheel_raw_2025-12-03_22-06-22_FNfrpmidkoM.jpg
36,,https://acv-labs-acv-one.acvauctions.com/image_raw/fe05f353-30a7-4f0e-ac61-fb2cbfde4a59/right/bottom-front/rf_wheel_front_raw_2025-12-03_17-02-18_uvr3gRTAkM4.jpg,https://acv-labs-acv-one.acvauctions.com/image_raw/fe05f353-30a7-4f0e-ac61-fb2cbfde4a59/right/bottom-rear/rf_wheel_rear_raw_2025-12-03_17-02-17_3uSWTLtM30g.jpg,https://acv-labs-acv-one.acvauctions.com/image_raw/fe05f353-30a7-4f0e-ac61-fb2cbfde4a59/right/bottom-side/rf_wheel_raw_2025-12-03_17-02-17_wWONDWDM9VM.jpg
37,,https://acv-labs-acv-one.acvauctions.com/image_raw/6c7c8b86-ed9d-402c-b283-342094d3bafc/right/bottom-front/rr_wheel_front_raw_2025-10-31_17-08-43_wmkeSUcnsHE.jpg,https://acv-labs-acv-one.acvauctions.com/image_raw/6c7c8b86-ed9d-402c-b283-342094d3bafc/right/bottom-rear/rr_wheel_rear_raw_2025-10-31_17-08-43_KFeGGJidZzc.jpg,https://acv-labs-acv-one.acvauctions.com/image_raw/6c7c8b86-ed9d-402c-b283-342094d3bafc/right/bottom-side/rr_wheel_raw_2025-10-31_17-08-45_abXy6ZYaRsA.jpg
38,,https://acv-labs-acv-one.acvauctions.com/image_raw/da3bf677-bcee-4d57-86dd-035ea5cd27c5/left/bottom-front/lf_wheel_front_raw_2025-11-07_17-03-28_aHkHtAdi5wk.jpg,https://acv-labs-acv-one.acvauctions.com/image_raw/da3bf677-bcee-4d57-86dd-035ea5cd27c5/left/bottom-rear/lf_wheel_rear_raw_2025-11-07_17-03-30_VrBPoCvpNyo.jpg,https://acv-labs-acv-one.acvauctions.com/image_raw/da3bf677-bcee-4d57-86dd-035ea5cd27c5/left/bottom-side/lf_wheel_raw_2025-11-07_17-03-29_h4r6VXY49ew.jpg
39,,https://acv-labs-acv-one.acvauctions.com/image_raw/66199c15-dbb3-4575-ba7a-409316c0adce/left/bottom-front/lf_wheel_front_raw_2025-11-14_17-05-52_68TK0W4tQMU.jpg,https://acv-labs-acv-one.acvauctions.com/image_raw/66199c15-dbb3-4575-ba7a-409316c0adce/left/bottom-rear/lf_wheel_rear_raw_2025-11-14_17-05-52_FmHu-g3fjTY.jpg,https://acv-labs-acv-one.acvauctions.com/image_raw/66199c15-dbb3-4575-ba7a-409316c0adce/left/bottom-side/lf_wheel_raw_2025-11-14_17-05-53_zq8QpOhLuAI.jpg
40,,https://acv-labs-acv-one.acvauctions.com/image_raw/8e25d514-67cf-479a-828d-5b85c741abf0/left/bottom-front/lf_wheel_front_raw_2025-11-14_17-20-12_6bepu2_-5PA.jpg,https://acv-labs-acv-one.acvauctions.com/image_raw/8e25d514-67cf-479a-828d-5b85c741abf0/left/bottom-rear/lf_wheel_rear_raw_2025-11-14_17-20-12_B_aSiSoxXSg.jpg,https://acv-labs-acv-one.acvauctions.com/image_raw/8e25d514-67cf-479a-828d-5b85c741abf0/left/bottom-side/lf_wheel_raw_2025-11-14_17-20-12_Ax6iFPz28O4.jpg
41,,https://acv-labs-acv-one.acvauctions.com/image_raw/dd9a51fc-7acb-47c9-8e52-f727b3aee806/left/bottom-front/lf_wheel_front_raw_2025-11-14_17-40-51_Y_gBDzehvRw.jpg,https://acv-labs-acv-one.acvauctions.com/image_raw/dd9a51fc-7acb-47c9-8e52-f727b3aee806/left/bottom-rear/lf_wheel_rear_raw_2025-11-14_17-40-53_ePS_Ymoe_tY.jpg,https://acv-labs-acv-one.acvauctions.com/image_raw/dd9a51fc-7acb-47c9-8e52-f727b3aee806/left/bottom-side/lf_wheel_raw_2025-11-14_17-40-52_7SbEwwQIV7g.jpg
42,,https://acv-labs-acv-one.acvauctions.com/image_raw/62551a76-28e5-48c5-b9e2-22c01a2a4a08/left/bottom-front/lf_wheel_front_raw_2025-11-20_15-58-33_ZI8gPmapMM4.jpg,https://acv-labs-acv-one.acvauctions.com/image_raw/62551a76-28e5-48c5-b9e2-22c01a2a4a08/left/bottom-rear/lf_wheel_rear_raw_2025-11-20_15-58-32_VLl9Ddv5YK4.jpg,https://acv-labs-acv-one.acvauctions.com/image_raw/62551a76-28e5-48c5-b9e2-22c01a2a4a08/left/bottom-side/lf_wheel_raw_2025-11-20_15-58-33_Mt3NS1HJCZQ.jpg
43,,https://acv-labs-acv-one.acvauctions.com/image_raw/179588c7-5365-4e8f-88d0-529ccf89dacc/left/bottom-front/lf_wheel_front_raw_2025-11-20_16-02-22_VVQ-poPixUk.jpg,https://acv-labs-acv-one.acvauctions.com/image_raw/179588c7-5365-4e8f-88d0-529ccf89dacc/left/bottom-rear/lf_wheel_rear_raw_2025-11-20_16-02-23_a7srk4THYuA.jpg,https://acv-labs-acv-one.acvauctions.com/image_raw/179588c7-5365-4e8f-88d0-529ccf89dacc/left/bottom-side/lf_wheel_raw_2025-11-20_16-02-23_TvMF3laM0c4.jpg
44,,https://acv-labs-acv-one.acvauctions.com/image_raw/eb8dc6e5-d98b-42f2-96c3-36e913c1fa6c/left/bottom-front/lf_wheel_front_raw_2025-11-20_16-18-26_JKrXnjf0oJA.jpg,https://acv-labs-acv-one.acvauctions.com/image_raw/eb8dc6e5-d98b-42f2-96c3-36e913c1fa6c/left/bottom-rear/lf_wheel_rear_raw_2025-11-20_16-18-26_jZVRVapCVx4.jpg,https://acv-labs-acv-one.acvauctions.com/image_raw/eb8dc6e5-d98b-42f2-96c3-36e913c1fa6c/left/bottom-side/lf_wheel_raw_2025-11-20_16-18-27__WF24NnTApI.jpg
45,,https://acv-labs-acv-one.acvauctions.com/image_raw/64721cab-c78c-4b49-b55f-96a2a9eb0f61/left/bottom-front/lf_wheel_front_raw_2025-11-20_16-20-15_Ig33l1760jU.jpg,https://acv-labs-acv-one.acvauctions.com/image_raw/64721cab-c78c-4b49-b55f-96a2a9eb0f61/left/bottom-rear/lf_wheel_rear_raw_2025-11-20_16-20-15_qO7ZQfVPA20.jpg,https://acv-labs-acv-one.acvauctions.com/image_raw/64721cab-c78c-4b49-b55f-96a2a9eb0f61/left/bottom-side/lf_wheel_raw_2025-11-20_16-20-15_23ryCqwVc34.jpg
46,,https://acv-labs-acv-one.staging.acvauctions.com/image_raw/a1979cc9-1750-46ad-92d1-ea84c4c0106f/left/bottom-front/lf_wheel_front_raw_2025-10-17_19-51-18_YiwDyn5WZKA.jpg,https://acv-labs-acv-one.staging.acvauctions.com/image_raw/a1979cc9-1750-46ad-92d1-ea84c4c0106f/left/bottom-rear/lf_wheel_rear_raw_2025-10-17_19-51-19_kgPURce4UIM.jpg,https://acv-labs-acv-one.staging.acvauctions.com/image_raw/a1979cc9-1750-46ad-92d1-ea84c4c0106f/left/bottom-side/lf_wheel_raw_2025-10-17_19-51-18_gtzmzVMx6_Q.jpg
47,,https://acv-labs-acv-one.acvauctions.com/image_raw/c22afcfb-0d01-4c87-bd67-36e18b71f4be/left/bottom-front/lr_wheel_front_raw_2025-11-07_16-54-05_fz8DTts8s4U.jpg,https://acv-labs-acv-one.acvauctions.com/image_raw/c22afcfb-0d01-4c87-bd67-36e18b71f4be/left/bottom-rear/lr_wheel_rear_raw_2025-11-07_16-54-04_JhtOu4FrzTg.jpg,https://acv-labs-acv-one.acvauctions.com/image_raw/c22afcfb-0d01-4c87-bd67-36e18b71f4be/left/bottom-side/lr_wheel_raw_2025-11-07_16-54-05_rsHah7iVUJc.jpg
48,,https://acv-labs-acv-one.acvauctions.com/image_raw/64721cab-c78c-4b49-b55f-96a2a9eb0f61/left/bottom-front/lr_wheel_front_raw_2025-11-20_16-20-15_6-CNC9bnRso.jpg,https://acv-labs-acv-one.acvauctions.com/image_raw/64721cab-c78c-4b49-b55f-96a2a9eb0f61/left/bottom-rear/lr_wheel_rear_raw_2025-11-20_16-20-15_-8bXNOMAxUk.jpg,https://acv-labs-acv-one.acvauctions.com/image_raw/64721cab-c78c-4b49-b55f-96a2a9eb0f61/left/bottom-side/lr_wheel_raw_2025-11-20_16-20-15_Jo-d1S7uia8.jpg
49,,https://acv-labs-acv-one.acvauctions.com/image_raw/047678b6-74ae-4314-97c2-748dbda1b59e/right/bottom-front/rr_wheel_front_raw_2025-12-03_17-53-46_PfPUjQVosCk.jpg,https://acv-labs-acv-one.acvauctions.com/image_raw/047678b6-74ae-4314-97c2-748dbda1b59e/right/bottom-rear/rr_wheel_rear_raw_2025-12-03_17-53-47_RcMC8t0OHa8.jpg,https://acv-labs-acv-one.acvauctions.com/image_raw/047678b6-74ae-4314-97c2-748dbda1b59e/right/bottom-side/rr_wheel_raw_2025-12-03_17-53-46_A2wMI2xfIp8.jpg
50,,https://acv-labs-acv-one.acvauctions.com/image_raw/305d2421-0cb5-409f-b254-6c948b5aacb7/left/bottom-front/lf_wheel_front_raw_2026-01-30_23-32-23_-v2aWYjdvNk.jpg,https://acv-labs-acv-one.acvauctions.com/image_raw/305d2421-0cb5-409f-b254-6c948b5aacb7/left/bottom-rear/lf_wheel_rear_raw_2026-01-30_23-32-24_G6bwQzOrT1A.jpg,https://acv-labs-acv-one.acvauctions.com/image_raw/305d2421-0cb5-409f-b254-6c948b5aacb7/left/bottom-side/lf_wheel_raw_2026-01-30_23-32-23_c7P0pxfi_rk.jpg
51,,https://acv-labs-acv-one.acvauctions.com/image_raw/1502904e-f779-4095-8b83-1d5c69a09dec/left/bottom-front/lf_wheel_front_raw_2026-01-30_00-19-30_GVsHcjrWe60.jpg,https://acv-labs-acv-one.acvauctions.com/image_raw/1502904e-f779-4095-8b83-1d5c69a09dec/left/bottom-rear/lf_wheel_rear_raw_2026-01-30_00-19-30_KQihL9DJDS8.jpg,https://acv-labs-acv-one.acvauctions.com/image_raw/1502904e-f779-4095-8b83-1d5c69a09dec/left/bottom-side/lf_wheel_raw_2026-01-30_00-19-29_8Kn6OdyrKTg.jpg
52,,https://acv-labs-acv-one.acvauctions.com/image_raw/b7961087-878a-4018-b939-46302e664fb6/left/bottom-front/lf_wheel_front_raw_2026-02-21_15-09-20_fB4PAlImgW4.jpg,https://acv-labs-acv-one.acvauctions.com/image_raw/b7961087-878a-4018-b939-46302e664fb6/left/bottom-side/lf_wheel_raw_2026-02-21_15-09-18_4Mj0dYZ8Jak.jpg,https://acv-labs-acv-one.acvauctions.com/image_raw/b7961087-878a-4018-b939-46302e664fb6/left/bottom-rear/lf_wheel_rear_raw_2026-02-21_15-09-18_kOIgMI8tuV4.jpg
53,,https://acv-labs-acv-one.acvauctions.com/image_raw/b7961087-878a-4018-b939-46302e664fb6/left/bottom-front/lr_wheel_front_raw_2026-02-21_15-09-20_KDgCHEc2h_Q.jpg,https://acv-labs-acv-one.acvauctions.com/image_raw/b7961087-878a-4018-b939-46302e664fb6/left/bottom-side/lr_wheel_raw_2026-02-21_15-09-18_RhtofHp0X3M.jpg,https://acv-labs-acv-one.acvauctions.com/image_raw/b7961087-878a-4018-b939-46302e664fb6/left/bottom-rear/lr_wheel_rear_raw_2026-02-21_15-09-19_QnCwEhdWPrk.jpg
54,,https://acv-labs-acv-one.acvauctions.com/image_raw/b7961087-878a-4018-b939-46302e664fb6/right/bottom-front/rf_wheel_front_raw_2026-02-21_15-09-16_WIHpvH26VLg.jpg,https://acv-labs-acv-one.acvauctions.com/image_raw/b7961087-878a-4018-b939-46302e664fb6/right/bottom-side/rf_wheel_raw_2026-02-21_15-09-18_JTwcTQFCaX0.jpg,https://acv-labs-acv-one.acvauctions.com/image_raw/b7961087-878a-4018-b939-46302e664fb6/right/bottom-rear/rf_wheel_rear_raw_2026-02-21_15-09-15_IybhyMV-nPA.jpg
55,,https://acv-labs-acv-one.acvauctions.com/image_raw/b7961087-878a-4018-b939-46302e664fb6/right/bottom-front/rr_wheel_front_raw_2026-02-21_15-09-16_pjTMPIl5QEc.jpg,https://acv-labs-acv-one.acvauctions.com/image_raw/b7961087-878a-4018-b939-46302e664fb6/right/bottom-side/rr_wheel_raw_2026-02-21_15-09-18_6_ziOql0894.jpg,https://acv-labs-acv-one.acvauctions.com/image_raw/b7961087-878a-4018-b939-46302e664fb6/right/bottom-rear/rr_wheel_rear_raw_2026-02-21_15-09-16_bKa9jj0NmLw.jpg
56,,https://acv-labs-acv-one.acvauctions.com/image_raw/57d88420-b0db-45d6-b1d5-16d55f951ba9/left/bottom-front/lf_wheel_front_raw_2026-02-19_18-17-02_aiW1dXPXB_U.jpg,https://acv-labs-acv-one.acvauctions.com/image_raw/57d88420-b0db-45d6-b1d5-16d55f951ba9/left/bottom-side/lf_wheel_raw_2026-02-19_18-16-49_WRT514vUkYM.jpg,https://acv-labs-acv-one.acvauctions.com/image_raw/57d88420-b0db-45d6-b1d5-16d55f951ba9/left/bottom-rear/lf_wheel_rear_raw_2026-02-19_18-16-57_B89tGOCB6-U.jpg
57,,https://acv-labs-acv-one.acvauctions.com/image_raw/57d88420-b0db-45d6-b1d5-16d55f951ba9/left/bottom-front/lr_wheel_front_raw_2026-02-19_18-17-02_fXGkXxBD1cE.jpg,https://acv-labs-acv-one.acvauctions.com/image_raw/57d88420-b0db-45d6-b1d5-16d55f951ba9/left/bottom-side/lr_wheel_raw_2026-02-19_18-16-50_-Mf57bRcgA4.jpg,https://acv-labs-acv-one.acvauctions.com/image_raw/57d88420-b0db-45d6-b1d5-16d55f951ba9/left/bottom-rear/lr_wheel_rear_raw_2026-02-19_18-16-58_8W8uVhSOxDU.jpg
58,,https://acv-labs-acv-one.acvauctions.com/image_raw/57d88420-b0db-45d6-b1d5-16d55f951ba9/right/bottom-front/rf_wheel_front_raw_2026-02-19_18-16-49_ZMwExQS9k50.jpg,https://acv-labs-acv-one.acvauctions.com/image_raw/57d88420-b0db-45d6-b1d5-16d55f951ba9/right/bottom-side/rf_wheel_raw_2026-02-19_18-16-51_xdTjL_UwUNU.jpg,https://acv-labs-acv-one.acvauctions.com/image_raw/57d88420-b0db-45d6-b1d5-16d55f951ba9/right/bottom-rear/rf_wheel_rear_raw_2026-02-19_18-17-00_2NjDrysGdE8.jpg
59,,https://acv-labs-acv-one.acvauctions.com/image_raw/57d88420-b0db-45d6-b1d5-16d55f951ba9/right/bottom-front/rr_wheel_front_raw_2026-02-19_18-16-50_JQ0IO6_bFCY.jpg,https://acv-labs-acv-one.acvauctions.com/image_raw/57d88420-b0db-45d6-b1d5-16d55f951ba9/right/bottom-side/rr_wheel_raw_2026-02-19_18-16-51_ITW2_ElJwpc.jpg,https://acv-labs-acv-one.acvauctions.com/image_raw/57d88420-b0db-45d6-b1d5-16d55f951ba9/right/bottom-rear/rr_wheel_rear_raw_2026-02-19_18-17-00_o5A2YPzOiZM.jpg
60,,https://acv-labs-acv-one.acvauctions.com/image_raw/694b97ff-58a0-4a1d-9890-adc3e40c3ac1/left/bottom-front/lf_wheel_front_raw_2026-02-20_21-09-32_YGmnsiXO0o4.jpg,https://acv-labs-acv-one.acvauctions.com/image_raw/694b97ff-58a0-4a1d-9890-adc3e40c3ac1/left/bottom-side/lf_wheel_raw_2026-02-20_21-09-32_bCQUn9yICa4.jpg,https://acv-labs-acv-one.acvauctions.com/image_raw/694b97ff-58a0-4a1d-9890-adc3e40c3ac1/left/bottom-rear/lf_wheel_rear_raw_2026-02-20_21-09-34_GmOCz-92GsM.jpg
61,,https://acv-labs-acv-one.acvauctions.com/image_raw/694b97ff-58a0-4a1d-9890-adc3e40c3ac1/left/bottom-front/lr_wheel_front_raw_2026-02-20_21-09-32_e--6szAVOSQ.jpg,https://acv-labs-acv-one.acvauctions.com/image_raw/694b97ff-58a0-4a1d-9890-adc3e40c3ac1/left/bottom-side/lr_wheel_raw_2026-02-20_21-09-32_3M4ae-b_G00.jpg,https://acv-labs-acv-one.acvauctions.com/image_raw/694b97ff-58a0-4a1d-9890-adc3e40c3ac1/left/bottom-rear/lr_wheel_rear_raw_2026-02-20_21-09-34_quGWvpzd2dw.jpg
62,,https://acv-labs-acv-one.acvauctions.com/image_raw/694b97ff-58a0-4a1d-9890-adc3e40c3ac1/right/bottom-front/rf_wheel_front_raw_2026-02-20_21-09-29_OuMZMevS61A.jpg,https://acv-labs-acv-one.acvauctions.com/image_raw/694b97ff-58a0-4a1d-9890-adc3e40c3ac1/right/bottom-side/rf_wheel_raw_2026-02-20_21-09-25_-69Anbi6POc.jpg,https://acv-labs-acv-one.acvauctions.com/image_raw/694b97ff-58a0-4a1d-9890-adc3e40c3ac1/right/bottom-rear/rf_wheel_rear_raw_2026-02-20_21-09-29_n5NJjvR4sqc.jpg
63,,https://acv-labs-acv-one.acvauctions.com/image_raw/694b97ff-58a0-4a1d-9890-adc3e40c3ac1/right/bottom-front/rr_wheel_front_raw_2026-02-20_21-09-29_h4vai3CZFz0.jpg,https://acv-labs-acv-one.acvauctions.com/image_raw/694b97ff-58a0-4a1d-9890-adc3e40c3ac1/right/bottom-side/rr_wheel_raw_2026-02-20_21-09-25_peH45jwEbVc.jpg,https://acv-labs-acv-one.acvauctions.com/image_raw/694b97ff-58a0-4a1d-9890-adc3e40c3ac1/right/bottom-rear/rr_wheel_rear_raw_2026-02-20_21-09-29_z4meyLVg1Xw.jpg
64,,https://acv-labs-acv-one.acvauctions.com/image_raw/da997e15-f490-43e0-80a4-b9a9e4d93723/left/bottom-front/lf_wheel_front_raw_2026-02-17_23-43-49_aJnWJXGScIk.jpg,https://acv-labs-acv-one.acvauctions.com/image_raw/da997e15-f490-43e0-80a4-b9a9e4d93723/left/bottom-side/lf_wheel_raw_2026-02-17_23-43-48_GA_pYjEz2OQ.jpg,https://acv-labs-acv-one.acvauctions.com/image_raw/da997e15-f490-43e0-80a4-b9a9e4d93723/left/bottom-rear/lf_wheel_rear_raw_2026-02-17_23-43-49_HmyK7crHV0E.jpg
65,,https://acv-labs-acv-one.acvauctions.com/image_raw/da997e15-f490-43e0-80a4-b9a9e4d93723/left/bottom-front/lr_wheel_front_raw_2026-02-17_23-43-49_ovHTpKldqyA.jpg,https://acv-labs-acv-one.acvauctions.com/image_raw/da997e15-f490-43e0-80a4-b9a9e4d93723/left/bottom-side/lr_wheel_raw_2026-02-17_23-43-48_JoRum6fe4qc.jpg,https://acv-labs-acv-one.acvauctions.com/image_raw/da997e15-f490-43e0-80a4-b9a9e4d93723/left/bottom-rear/lr_wheel_rear_raw_2026-02-17_23-43-49_q4MlGNssSDE.jpg
66,,https://acv-labs-acv-one.acvauctions.com/image_raw/da997e15-f490-43e0-80a4-b9a9e4d93723/right/bottom-front/rf_wheel_front_raw_2026-02-17_23-44-02_JNXHAhxqjKs.jpg,https://acv-labs-acv-one.acvauctions.com/image_raw/da997e15-f490-43e0-80a4-b9a9e4d93723/right/bottom-side/rf_wheel_raw_2026-02-17_23-44-04_dw_g935O7a4.jpg,https://acv-labs-acv-one.acvauctions.com/image_raw/da997e15-f490-43e0-80a4-b9a9e4d93723/right/bottom-rear/rf_wheel_rear_raw_2026-02-17_23-44-02_Tct8mFyxzjY.jpg
67,,https://acv-labs-acv-one.acvauctions.com/image_raw/da997e15-f490-43e0-80a4-b9a9e4d93723/right/bottom-front/rr_wheel_front_raw_2026-02-17_23-44-02_lc4h7OLkgNc.jpg,https://acv-labs-acv-one.acvauctions.com/image_raw/da997e15-f490-43e0-80a4-b9a9e4d93723/right/bottom-side/rr_wheel_raw_2026-02-17_23-44-04_wx_CABnBO28.jpg,https://acv-labs-acv-one.acvauctions.com/image_raw/da997e15-f490-43e0-80a4-b9a9e4d93723/right/bottom-rear/rr_wheel_rear_raw_2026-02-17_23-44-02_lBnR3zCiLok.jpg
68,,https://acv-labs-acv-one.acvauctions.com/image_raw/b2061d3e-d348-439a-adc2-b995e38e7c50/left/bottom-front/lf_wheel_front_raw_2026-02-19_00-18-33_VnLJkwqe2Fk.jpg,https://acv-labs-acv-one.acvauctions.com/image_raw/b2061d3e-d348-439a-adc2-b995e38e7c50/left/bottom-side/lf_wheel_raw_2026-02-19_00-18-34_MivTRUI-9ZA.jpg,https://acv-labs-acv-one.acvauctions.com/image_raw/b2061d3e-d348-439a-adc2-b995e38e7c50/left/bottom-rear/lf_wheel_rear_raw_2026-02-19_00-18-34_f7hNjbZezqo.jpg
69,,https://acv-labs-acv-one.acvauctions.com/image_raw/b2061d3e-d348-439a-adc2-b995e38e7c50/left/bottom-front/lr_wheel_front_raw_2026-02-19_00-18-34_mqtTZLVLrLU.jpg,https://acv-labs-acv-one.acvauctions.com/image_raw/b2061d3e-d348-439a-adc2-b995e38e7c50/left/bottom-side/lr_wheel_raw_2026-02-19_00-18-34_c06rYGY57fI.jpg,https://acv-labs-acv-one.acvauctions.com/image_raw/b2061d3e-d348-439a-adc2-b995e38e7c50/left/bottom-rear/lr_wheel_rear_raw_2026-02-19_00-18-34__lu9CkNjMHY.jpg
70,,https://acv-labs-acv-one.acvauctions.com/image_raw/b2061d3e-d348-439a-adc2-b995e38e7c50/right/bottom-front/rf_wheel_front_raw_2026-02-19_00-16-54_VT5PvWLDcsc.jpg,https://acv-labs-acv-one.acvauctions.com/image_raw/b2061d3e-d348-439a-adc2-b995e38e7c50/right/bottom-side/rf_wheel_raw_2026-02-19_00-16-52_9NANseLZHP4.jpg,https://acv-labs-acv-one.acvauctions.com/image_raw/b2061d3e-d348-439a-adc2-b995e38e7c50/right/bottom-rear/rf_wheel_rear_raw_2026-02-19_00-16-54_wdL0CBOESYc.jpg
71,,https://acv-labs-acv-one.acvauctions.com/image_raw/b2061d3e-d348-439a-adc2-b995e38e7c50/right/bottom-front/rr_wheel_front_raw_2026-02-19_00-16-54_WgJhJBFtWRg.jpg,https://acv-labs-acv-one.acvauctions.com/image_raw/b2061d3e-d348-439a-adc2-b995e38e7c50/right/bottom-side/rr_wheel_raw_2026-02-19_00-16-53_CtJ7wxhGl8Q.jpg,https://acv-labs-acv-one.acvauctions.com/image_raw/b2061d3e-d348-439a-adc2-b995e38e7c50/right/bottom-rear/rr_wheel_rear_raw_2026-02-19_00-16-54_aio_cIPODEo.jpg
72,,https://acv-labs-acv-one.acvauctions.com/image_raw/9aa84e2b-12b7-4548-a49c-96f4f5f1a3f7/left/bottom-front/lf_wheel_front_raw_2026-02-20_00-41-29_Mgi-oTk3HDg.jpg,https://acv-labs-acv-one.acvauctions.com/image_raw/9aa84e2b-12b7-4548-a49c-96f4f5f1a3f7/left/bottom-side/lf_wheel_raw_2026-02-20_00-41-30_x5yKxqXQVfE.jpg,https://acv-labs-acv-one.acvauctions.com/image_raw/9aa84e2b-12b7-4548-a49c-96f4f5f1a3f7/left/bottom-rear/lf_wheel_rear_raw_2026-02-20_00-41-29_uEWkXYu6DJs.jpg
73,,https://acv-labs-acv-one.acvauctions.com/image_raw/9aa84e2b-12b7-4548-a49c-96f4f5f1a3f7/left/bottom-front/lr_wheel_front_raw_2026-02-20_00-41-30__11z1kN_VNg.jpg,https://acv-labs-acv-one.acvauctions.com/image_raw/9aa84e2b-12b7-4548-a49c-96f4f5f1a3f7/left/bottom-side/lr_wheel_raw_2026-02-20_00-41-30_NCCWNhI4Z_Q.jpg,https://acv-labs-acv-one.acvauctions.com/image_raw/9aa84e2b-12b7-4548-a49c-96f4f5f1a3f7/left/bottom-rear/lr_wheel_rear_raw_2026-02-20_00-41-30_E6X_VjXq3JA.jpg
74,,https://acv-labs-acv-one.acvauctions.com/image_raw/9aa84e2b-12b7-4548-a49c-96f4f5f1a3f7/right/bottom-front/rf_wheel_front_raw_2026-02-20_00-41-18_jk0_PNyzREc.jpg,https://acv-labs-acv-one.acvauctions.com/image_raw/9aa84e2b-12b7-4548-a49c-96f4f5f1a3f7/right/bottom-side/rf_wheel_raw_2026-02-20_00-41-19_WLsUrtZJpk0.jpg,https://acv-labs-acv-one.acvauctions.com/image_raw/9aa84e2b-12b7-4548-a49c-96f4f5f1a3f7/right/bottom-rear/rf_wheel_rear_raw_2026-02-20_00-41-18_dUcnLAlfl00.jpg
75,,https://acv-labs-acv-one.acvauctions.com/image_raw/9aa84e2b-12b7-4548-a49c-96f4f5f1a3f7/right/bottom-front/rr_wheel_front_raw_2026-02-20_00-41-19_KqbpUQ2ww74.jpg,https://acv-labs-acv-one.acvauctions.com/image_raw/9aa84e2b-12b7-4548-a49c-96f4f5f1a3f7/right/bottom-side/rr_wheel_raw_2026-02-20_00-41-19_xvpTwdneyDU.jpg,https://acv-labs-acv-one.acvauctions.com/image_raw/9aa84e2b-12b7-4548-a49c-96f4f5f1a3f7/right/bottom-rear/rr_wheel_rear_raw_2026-02-20_00-41-19_cqW0f4Qz3FM.jpg
76,,https://acv-labs-acv-one.acvauctions.com/image_raw/b9f4f7a8-faaa-4edc-8b24-21a006cbeefc/left/bottom-front/lf_wheel_front_raw_2026-02-24_15-50-46_pWbIfq-cbHo.jpg,https://acv-labs-acv-one.acvauctions.com/image_raw/b9f4f7a8-faaa-4edc-8b24-21a006cbeefc/left/bottom-side/lf_wheel_raw_2026-02-24_15-50-40_CJ9wC4tOxyU.jpg,https://acv-labs-acv-one.acvauctions.com/image_raw/b9f4f7a8-faaa-4edc-8b24-21a006cbeefc/left/bottom-rear/lf_wheel_rear_raw_2026-02-24_15-50-40_XwieIKdsosM.jpg
77,,https://acv-labs-acv-one.acvauctions.com/image_raw/b9f4f7a8-faaa-4edc-8b24-21a006cbeefc/left/bottom-front/lr_wheel_front_raw_2026-02-24_15-50-47_y27vk4BqRqk.jpg,https://acv-labs-acv-one.acvauctions.com/image_raw/b9f4f7a8-faaa-4edc-8b24-21a006cbeefc/left/bottom-side/lr_wheel_raw_2026-02-24_15-50-41_G2ooQUAQ9u8.jpg,https://acv-labs-acv-one.acvauctions.com/image_raw/b9f4f7a8-faaa-4edc-8b24-21a006cbeefc/left/bottom-rear/lr_wheel_rear_raw_2026-02-24_15-50-40_PtuHUfSdHAU.jpg
78,,https://acv-labs-acv-one.acvauctions.com/image_raw/b9f4f7a8-faaa-4edc-8b24-21a006cbeefc/right/bottom-front/rf_wheel_front_raw_2026-02-24_15-50-40_deJVleuMFqk.jpg,https://acv-labs-acv-one.acvauctions.com/image_raw/b9f4f7a8-faaa-4edc-8b24-21a006cbeefc/right/bottom-side/rf_wheel_raw_2026-02-24_15-50-39_VtidgHoEFhA.jpg,https://acv-labs-acv-one.acvauctions.com/image_raw/b9f4f7a8-faaa-4edc-8b24-21a006cbeefc/right/bottom-rear/rf_wheel_rear_raw_2026-02-24_15-50-40_DniDLjWEevk.jpg
79,,https://acv-labs-acv-one.acvauctions.com/image_raw/b9f4f7a8-faaa-4edc-8b24-21a006cbeefc/right/bottom-front/rr_wheel_front_raw_2026-02-24_15-50-41_6qEu71BI8ag.jpg,https://acv-labs-acv-one.acvauctions.com/image_raw/b9f4f7a8-faaa-4edc-8b24-21a006cbeefc/right/bottom-side/rr_wheel_raw_2026-02-24_15-50-40_ZdwmvAAxjic.jpg,https://acv-labs-acv-one.acvauctions.com/image_raw/b9f4f7a8-faaa-4edc-8b24-21a006cbeefc/right/bottom-rear/rr_wheel_rear_raw_2026-02-24_15-50-40_FWic29jT0BM.jpg
80,,https://acv-labs-acv-one.acvauctions.com/image_raw/6a21c068-65ff-42f0-abbf-6fa3e8845e9b/left/bottom-front/lf_wheel_front_raw_2026-02-02_18-09-16_YTV2ZjOJ_0w.jpg,https://acv-labs-acv-one.acvauctions.com/image_raw/6a21c068-65ff-42f0-abbf-6fa3e8845e9b/left/bottom-side/lf_wheel_raw_2026-02-02_18-09-14_8v9ftDDt1F8.jpg,https://acv-labs-acv-one.acvauctions.com/image_raw/6a21c068-65ff-42f0-abbf-6fa3e8845e9b/left/bottom-rear/lf_wheel_rear_raw_2026-02-02_18-09-14_VGRjAMbZSRg.jpg
81,,https://acv-labs-acv-one.acvauctions.com/image_raw/6a21c068-65ff-42f0-abbf-6fa3e8845e9b/left/bottom-front/lr_wheel_front_raw_2026-02-02_18-09-16_6bWh8rEQL1Y.jpg,https://acv-labs-acv-one.acvauctions.com/image_raw/6a21c068-65ff-42f0-abbf-6fa3e8845e9b/left/bottom-side/lr_wheel_raw_2026-02-02_18-09-15_KgZ1xuYB1z8.jpg,https://acv-labs-acv-one.acvauctions.com/image_raw/6a21c068-65ff-42f0-abbf-6fa3e8845e9b/left/bottom-rear/lr_wheel_rear_raw_2026-02-02_18-09-14_uW5Vnnn4-Ns.jpg
82,,https://acv-labs-acv-one.acvauctions.com/image_raw/6a21c068-65ff-42f0-abbf-6fa3e8845e9b/right/bottom-front/rf_wheel_front_raw_2026-02-02_18-09-10_ZKsCco6Yv_Y.jpg,https://acv-labs-acv-one.acvauctions.com/image_raw/6a21c068-65ff-42f0-abbf-6fa3e8845e9b/right/bottom-side/rf_wheel_raw_2026-02-02_18-09-10_ZYN7XXwr12Y.jpg,https://acv-labs-acv-one.acvauctions.com/image_raw/6a21c068-65ff-42f0-abbf-6fa3e8845e9b/right/bottom-rear/rf_wheel_rear_raw_2026-02-02_18-09-09_X5UJODnl184.jpg
83,,https://acv-labs-acv-one.acvauctions.com/image_raw/6a21c068-65ff-42f0-abbf-6fa3e8845e9b/right/bottom-front/rr_wheel_front_raw_2026-02-02_18-09-11_1Zz-xP_Vuic.jpg,https://acv-labs-acv-one.acvauctions.com/image_raw/6a21c068-65ff-42f0-abbf-6fa3e8845e9b/right/bottom-side/rr_wheel_raw_2026-02-02_18-09-11_NAeijI8Iyww.jpg,https://acv-labs-acv-one.acvauctions.com/image_raw/6a21c068-65ff-42f0-abbf-6fa3e8845e9b/right/bottom-rear/rr_wheel_rear_raw_2026-02-02_18-09-10_2nmAp3I8Ifw.jpg
84,,https://acv-labs-acv-one.acvauctions.com/image_raw/407c3767-b20f-483a-b8e5-62d81784583c/left/bottom-front/lf_wheel_front_raw_2026-02-11_19-26-29_JiKxIfQ2P3A.jpg,https://acv-labs-acv-one.acvauctions.com/image_raw/407c3767-b20f-483a-b8e5-62d81784583c/left/bottom-side/lf_wheel_raw_2026-02-11_19-26-27_SxTxBtW6TTY.jpg,https://acv-labs-acv-one.acvauctions.com/image_raw/407c3767-b20f-483a-b8e5-62d81784583c/left/bottom-rear/lf_wheel_rear_raw_2026-02-11_19-26-28_MyLloB0jTbQ.jpg
85,,https://acv-labs-acv-one.acvauctions.com/image_raw/407c3767-b20f-483a-b8e5-62d81784583c/left/bottom-front/lr_wheel_front_raw_2026-02-11_19-26-29_PbOM-xIKghI.jpg,https://acv-labs-acv-one.acvauctions.com/image_raw/407c3767-b20f-483a-b8e5-62d81784583c/left/bottom-side/lr_wheel_raw_2026-02-11_19-26-27_uqLXMRw-qB0.jpg,https://acv-labs-acv-one.acvauctions.com/image_raw/407c3767-b20f-483a-b8e5-62d81784583c/left/bottom-rear/lr_wheel_rear_raw_2026-02-11_19-26-28_TEEGN78hl28.jpg
86,,https://acv-labs-acv-one.acvauctions.com/image_raw/407c3767-b20f-483a-b8e5-62d81784583c/right/bottom-front/rf_wheel_front_raw_2026-02-11_19-26-32_loPP3wErHlA.jpg,https://acv-labs-acv-one.acvauctions.com/image_raw/407c3767-b20f-483a-b8e5-62d81784583c/right/bottom-side/rf_wheel_raw_2026-02-11_19-26-32_1sYBbonfpIU.jpg,https://acv-labs-acv-one.acvauctions.com/image_raw/407c3767-b20f-483a-b8e5-62d81784583c/right/bottom-rear/rf_wheel_rear_raw_2026-02-11_19-26-32_Ieguf43THD4.jpg
87,,https://acv-labs-acv-one.acvauctions.com/image_raw/407c3767-b20f-483a-b8e5-62d81784583c/right/bottom-front/rr_wheel_front_raw_2026-02-11_19-26-33_lv0m3sM2hLs.jpg,https://acv-labs-acv-one.acvauctions.com/image_raw/407c3767-b20f-483a-b8e5-62d81784583c/right/bottom-side/rr_wheel_raw_2026-02-11_19-26-32_xzqonj90wOo.jpg,https://acv-labs-acv-one.acvauctions.com/image_raw/407c3767-b20f-483a-b8e5-62d81784583c/right/bottom-rear/rr_wheel_rear_raw_2026-02-11_19-26-32_Fy_3u2Zb-Y4.jpg
88,,https://acv-labs-acv-one.acvauctions.com/image_raw/30d0abb0-4457-4d08-add6-847b771fe07d/left/bottom-front/lf_wheel_front_raw_2026-02-03_22-46-33_rnm27BSYhj0.jpg,https://acv-labs-acv-one.acvauctions.com/image_raw/30d0abb0-4457-4d08-add6-847b771fe07d/left/bottom-side/lf_wheel_raw_2026-02-03_22-46-35_unuLQ1nzjTY.jpg,https://acv-labs-acv-one.acvauctions.com/image_raw/30d0abb0-4457-4d08-add6-847b771fe07d/left/bottom-rear/lf_wheel_rear_raw_2026-02-03_22-46-34_N2i3Bibk7Ss.jpg
89,,https://acv-labs-acv-one.acvauctions.com/image_raw/30d0abb0-4457-4d08-add6-847b771fe07d/left/bottom-front/lr_wheel_front_raw_2026-02-03_22-46-34_SfdIc6Mmytk.jpg,https://acv-labs-acv-one.acvauctions.com/image_raw/30d0abb0-4457-4d08-add6-847b771fe07d/left/bottom-side/lr_wheel_raw_2026-02-03_22-46-35_a3sFBf1dR7Q.jpg,https://acv-labs-acv-one.acvauctions.com/image_raw/30d0abb0-4457-4d08-add6-847b771fe07d/left/bottom-rear/lr_wheel_rear_raw_2026-02-03_22-46-34_fXfmCsjBhmE.jpg
90,,https://acv-labs-acv-one.acvauctions.com/image_raw/30d0abb0-4457-4d08-add6-847b771fe07d/right/bottom-front/rf_wheel_front_raw_2026-02-03_22-46-14_6_SACZaYExE.jpg,https://acv-labs-acv-one.acvauctions.com/image_raw/30d0abb0-4457-4d08-add6-847b771fe07d/right/bottom-side/rf_wheel_raw_2026-02-03_22-46-13_tq9LqIIgiHA.jpg,https://acv-labs-acv-one.acvauctions.com/image_raw/30d0abb0-4457-4d08-add6-847b771fe07d/right/bottom-rear/rf_wheel_rear_raw_2026-02-03_22-46-19_7IBPJUDvNFg.jpg
91,,https://acv-labs-acv-one.acvauctions.com/image_raw/30d0abb0-4457-4d08-add6-847b771fe07d/right/bottom-front/rr_wheel_front_raw_2026-02-03_22-46-15_g1AUdk8d0Yg.jpg,https://acv-labs-acv-one.acvauctions.com/image_raw/30d0abb0-4457-4d08-add6-847b771fe07d/right/bottom-side/rr_wheel_raw_2026-02-03_22-46-14_OZgTqBN7ets.jpg,https://acv-labs-acv-one.acvauctions.com/image_raw/30d0abb0-4457-4d08-add6-847b771fe07d/right/bottom-rear/rr_wheel_rear_raw_2026-02-03_22-46-19_jgF-VPlwxbc.jpg
92,,https://acv-labs-acv-one.acvauctions.com/image_raw/6359eacb-a974-498e-839f-b7b48ec6f4df/left/bottom-front/lf_wheel_front_raw_2026-02-03_15-50-01_DVOt5b11nYg.jpg,https://acv-labs-acv-one.acvauctions.com/image_raw/6359eacb-a974-498e-839f-b7b48ec6f4df/left/bottom-side/lf_wheel_raw_2026-02-03_15-50-00_XJdzZM2Kq7s.jpg,https://acv-labs-acv-one.acvauctions.com/image_raw/6359eacb-a974-498e-839f-b7b48ec6f4df/left/bottom-rear/lf_wheel_rear_raw_2026-02-03_15-50-00_OIPTJ8JCLx8.jpg
93,,https://acv-labs-acv-one.acvauctions.com/image_raw/6359eacb-a974-498e-839f-b7b48ec6f4df/left/bottom-front/lr_wheel_front_raw_2026-02-03_15-50-02_6Oqwuxgr8AM.jpg,https://acv-labs-acv-one.acvauctions.com/image_raw/6359eacb-a974-498e-839f-b7b48ec6f4df/left/bottom-side/lr_wheel_raw_2026-02-03_15-50-00_pwRAO8-fsj0.jpg,https://acv-labs-acv-one.acvauctions.com/image_raw/6359eacb-a974-498e-839f-b7b48ec6f4df/left/bottom-rear/lr_wheel_rear_raw_2026-02-03_15-50-01_hTCjp4aAwL4.jpg
94,,https://acv-labs-acv-one.acvauctions.com/image_raw/6359eacb-a974-498e-839f-b7b48ec6f4df/right/bottom-front/rf_wheel_front_raw_2026-02-03_15-49-58_a21vYBcQPQs.jpg,https://acv-labs-acv-one.acvauctions.com/image_raw/6359eacb-a974-498e-839f-b7b48ec6f4df/right/bottom-side/rf_wheel_raw_2026-02-03_15-49-56_6BoLoKZa3r8.jpg,https://acv-labs-acv-one.acvauctions.com/image_raw/6359eacb-a974-498e-839f-b7b48ec6f4df/right/bottom-rear/rf_wheel_rear_raw_2026-02-03_15-49-57_eFz4d7oZtn0.jpg
95,,https://acv-labs-acv-one.acvauctions.com/image_raw/6359eacb-a974-498e-839f-b7b48ec6f4df/right/bottom-front/rr_wheel_front_raw_2026-02-03_15-49-59_wt7e5tsfJb8.jpg,https://acv-labs-acv-one.acvauctions.com/image_raw/6359eacb-a974-498e-839f-b7b48ec6f4df/right/bottom-side/rr_wheel_raw_2026-02-03_15-49-57_z9C_5WsSQtQ.jpg,https://acv-labs-acv-one.acvauctions.com/image_raw/6359eacb-a974-498e-839f-b7b48ec6f4df/right/bottom-rear/rr_wheel_rear_raw_2026-02-03_15-49-58_eJmnAAJa3eo.jpg
96,,https://acv-labs-acv-one.acvauctions.com/image_raw/b9be0bc7-b03a-4298-81dd-ba41e67426f1/left/bottom-front/lf_wheel_front_raw_2026-02-03_15-45-32_3rOAfn1xAGc.jpg,https://acv-labs-acv-one.acvauctions.com/image_raw/b9be0bc7-b03a-4298-81dd-ba41e67426f1/left/bottom-side/lf_wheel_raw_2026-02-03_15-45-27_qQO3GY7HXzc.jpg,https://acv-labs-acv-one.acvauctions.com/image_raw/b9be0bc7-b03a-4298-81dd-ba41e67426f1/left/bottom-rear/lf_wheel_rear_raw_2026-02-03_15-45-28_6XCUdj9LDpA.jpg
97,,https://acv-labs-acv-one.acvauctions.com/image_raw/b9be0bc7-b03a-4298-81dd-ba41e67426f1/left/bottom-front/lr_wheel_front_raw_2026-02-03_15-45-33_8XvyYsHC14k.jpg,https://acv-labs-acv-one.acvauctions.com/image_raw/b9be0bc7-b03a-4298-81dd-ba41e67426f1/left/bottom-side/lr_wheel_raw_2026-02-03_15-45-27_npqZFr6ZPss.jpg,https://acv-labs-acv-one.acvauctions.com/image_raw/b9be0bc7-b03a-4298-81dd-ba41e67426f1/left/bottom-rear/lr_wheel_rear_raw_2026-02-03_15-45-28_3TK07cOdG-c.jpg
98,,https://acv-labs-acv-one.acvauctions.com/image_raw/b9be0bc7-b03a-4298-81dd-ba41e67426f1/right/bottom-front/rf_wheel_front_raw_2026-02-03_15-45-28_XkKYoeZ1Z5g.jpg,https://acv-labs-acv-one.acvauctions.com/image_raw/b9be0bc7-b03a-4298-81dd-ba41e67426f1/right/bottom-side/rf_wheel_raw_2026-02-03_15-45-31_pBjN8T4j-VA.jpg,https://acv-labs-acv-one.acvauctions.com/image_raw/b9be0bc7-b03a-4298-81dd-ba41e67426f1/right/bottom-rear/rf_wheel_rear_raw_2026-02-03_15-45-28__NwxuQrfzy8.jpg
99,,https://acv-labs-acv-one.acvauctions.com/image_raw/b9be0bc7-b03a-4298-81dd-ba41e67426f1/right/bottom-front/rr_wheel_front_raw_2026-02-03_15-45-28_BVsaohCJWus.jpg,https://acv-labs-acv-one.acvauctions.com/image_raw/b9be0bc7-b03a-4298-81dd-ba41e67426f1/right/bottom-side/rr_wheel_raw_2026-02-03_15-45-32_4ue7EZy5ijc.jpg,https://acv-labs-acv-one.acvauctions.com/image_raw/b9be0bc7-b03a-4298-81dd-ba41e67426f1/right/bottom-rear/rr_wheel_rear_raw_2026-02-03_15-45-29_vDFb7RRlvg8.jpg
100,,https://acv-labs-acv-one.acvauctions.com/image_raw/c266d6f4-451c-49ac-9cf6-c9b8d9e3a75f/left/bottom-front/lf_wheel_front_raw_2026-02-03_15-38-31_EPkr6ikWUkM.jpg,https://acv-labs-acv-one.acvauctions.com/image_raw/c266d6f4-451c-49ac-9cf6-c9b8d9e3a75f/left/bottom-side/lf_wheel_raw_2026-02-03_15-38-31_Af18tQ1UyEs.jpg,https://acv-labs-acv-one.acvauctions.com/image_raw/c266d6f4-451c-49ac-9cf6-c9b8d9e3a75f/left/bottom-rear/lf_wheel_rear_raw_2026-02-03_15-38-29_SNDlUwO2HFc.jpg
101,,https://acv-labs-acv-one.acvauctions.com/image_raw/c266d6f4-451c-49ac-9cf6-c9b8d9e3a75f/left/bottom-front/lr_wheel_front_raw_2026-02-03_15-38-31_aaYMi-XD8dE.jpg,https://acv-labs-acv-one.acvauctions.com/image_raw/c266d6f4-451c-49ac-9cf6-c9b8d9e3a75f/left/bottom-side/lr_wheel_raw_2026-02-03_15-38-31_y3OvsFIXetY.jpg,https://acv-labs-acv-one.acvauctions.com/image_raw/c266d6f4-451c-49ac-9cf6-c9b8d9e3a75f/left/bottom-rear/lr_wheel_rear_raw_2026-02-03_15-38-29_plv4aJb2u0M.jpg
102,,https://acv-labs-acv-one.acvauctions.com/image_raw/c266d6f4-451c-49ac-9cf6-c9b8d9e3a75f/right/bottom-front/rf_wheel_front_raw_2026-02-03_15-38-26_1DLidBkmtp4.jpg,https://acv-labs-acv-one.acvauctions.com/image_raw/c266d6f4-451c-49ac-9cf6-c9b8d9e3a75f/right/bottom-side/rf_wheel_raw_2026-02-03_15-38-25_wMeWkK-4ofs.jpg,https://acv-labs-acv-one.acvauctions.com/image_raw/c266d6f4-451c-49ac-9cf6-c9b8d9e3a75f/right/bottom-rear/rf_wheel_rear_raw_2026-02-03_15-38-31_bTvLt8eFPz0.jpg
103,,https://acv-labs-acv-one.acvauctions.com/image_raw/c266d6f4-451c-49ac-9cf6-c9b8d9e3a75f/right/bottom-front/rr_wheel_front_raw_2026-02-03_15-38-27_L7IP7V7Kgdo.jpg,https://acv-labs-acv-one.acvauctions.com/image_raw/c266d6f4-451c-49ac-9cf6-c9b8d9e3a75f/right/bottom-side/rr_wheel_raw_2026-02-03_15-38-26_-aWCXwJ7WFM.jpg,https://acv-labs-acv-one.acvauctions.com/image_raw/c266d6f4-451c-49ac-9cf6-c9b8d9e3a75f/right/bottom-rear/rr_wheel_rear_raw_2026-02-03_15-38-31_ltA3EW7WDQ0.jpg
104,,https://acv-labs-acv-one.acvauctions.com/image_raw/e6174f25-eba5-4970-9a92-1785eadc56c5/left/bottom-front/lf_wheel_front_raw_2026-02-03_15-41-37_rHFxUAaMXfI.jpg,https://acv-labs-acv-one.acvauctions.com/image_raw/e6174f25-eba5-4970-9a92-1785eadc56c5/left/bottom-side/lf_wheel_raw_2026-02-03_15-41-27_7VKHVDpWqxk.jpg,https://acv-labs-acv-one.acvauctions.com/image_raw/e6174f25-eba5-4970-9a92-1785eadc56c5/left/bottom-rear/lf_wheel_rear_raw_2026-02-03_15-41-39_TeWkpBny1V0.jpg
105,,https://acv-labs-acv-one.acvauctions.com/image_raw/e6174f25-eba5-4970-9a92-1785eadc56c5/left/bottom-front/lr_wheel_front_raw_2026-02-03_15-41-37_uE9D2IrSecM.jpg,https://acv-labs-acv-one.acvauctions.com/image_raw/e6174f25-eba5-4970-9a92-1785eadc56c5/left/bottom-side/lr_wheel_raw_2026-02-03_15-41-27__MJ_75tqb-0.jpg,https://acv-labs-acv-one.acvauctions.com/image_raw/e6174f25-eba5-4970-9a92-1785eadc56c5/left/bottom-rear/lr_wheel_rear_raw_2026-02-03_15-41-39_4JED72fIzKk.jpg
106,,https://acv-labs-acv-one.acvauctions.com/image_raw/e6174f25-eba5-4970-9a92-1785eadc56c5/right/bottom-front/rf_wheel_front_raw_2026-02-03_15-41-29_htf0tEM2Ysk.jpg,https://acv-labs-acv-one.acvauctions.com/image_raw/e6174f25-eba5-4970-9a92-1785eadc56c5/right/bottom-side/rf_wheel_raw_2026-02-03_15-41-30_4ddhI1HdHAc.jpg,https://acv-labs-acv-one.acvauctions.com/image_raw/e6174f25-eba5-4970-9a92-1785eadc56c5/right/bottom-rear/rf_wheel_rear_raw_2026-02-03_15-41-35_jgHSayC2Ll4.jpg
107,,https://acv-labs-acv-one.acvauctions.com/image_raw/e6174f25-eba5-4970-9a92-1785eadc56c5/right/bottom-front/rr_wheel_front_raw_2026-02-03_15-41-29_bEG7HnuUGe4.jpg,https://acv-labs-acv-one.acvauctions.com/image_raw/e6174f25-eba5-4970-9a92-1785eadc56c5/right/bottom-side/rr_wheel_raw_2026-02-03_15-41-31_FPWaWJYuSCo.jpg,https://acv-labs-acv-one.acvauctions.com/image_raw/e6174f25-eba5-4970-9a92-1785eadc56c5/right/bottom-rear/rr_wheel_rear_raw_2026-02-03_15-41-36_gfDvuKUbr2Q.jpg
108,,https://acv-labs-acv-one.acvauctions.com/image_raw/80da6068-ed85-45d4-97d5-3c9e7b727fd2/left/bottom-front/lf_wheel_front_raw_2026-02-18_21-31-30_fac54UQbi5c.jpg,https://acv-labs-acv-one.acvauctions.com/image_raw/80da6068-ed85-45d4-97d5-3c9e7b727fd2/left/bottom-side/lf_wheel_raw_2026-02-18_21-31-29_myG5kPsfsnA.jpg,https://acv-labs-acv-one.acvauctions.com/image_raw/80da6068-ed85-45d4-97d5-3c9e7b727fd2/left/bottom-rear/lf_wheel_rear_raw_2026-02-18_21-31-31_2R1zA0NRpQw.jpg
109,,https://acv-labs-acv-one.acvauctions.com/image_raw/80da6068-ed85-45d4-97d5-3c9e7b727fd2/left/bottom-front/lr_wheel_front_raw_2026-02-18_21-31-31_P_v6N5hQDbc.jpg,https://acv-labs-acv-one.acvauctions.com/image_raw/80da6068-ed85-45d4-97d5-3c9e7b727fd2/left/bottom-side/lr_wheel_raw_2026-02-18_21-31-30_J77Bi6Y1S78.jpg,https://acv-labs-acv-one.acvauctions.com/image_raw/80da6068-ed85-45d4-97d5-3c9e7b727fd2/left/bottom-rear/lr_wheel_rear_raw_2026-02-18_21-31-32_J6qMHsibMYw.jpg
110,,https://acv-labs-acv-one.acvauctions.com/image_raw/80da6068-ed85-45d4-97d5-3c9e7b727fd2/right/bottom-front/rf_wheel_front_raw_2026-02-18_21-30-54_d58h61ehA_U.jpg,https://acv-labs-acv-one.acvauctions.com/image_raw/80da6068-ed85-45d4-97d5-3c9e7b727fd2/right/bottom-side/rf_wheel_raw_2026-02-18_21-30-54_IRw_096naTo.jpg,https://acv-labs-acv-one.acvauctions.com/image_raw/80da6068-ed85-45d4-97d5-3c9e7b727fd2/right/bottom-rear/rf_wheel_rear_raw_2026-02-18_21-30-53_U2FPmH4aueM.jpg
111,,https://acv-labs-acv-one.acvauctions.com/image_raw/80da6068-ed85-45d4-97d5-3c9e7b727fd2/right/bottom-front/rr_wheel_front_raw_2026-02-18_21-30-54_4-gL7pZzzPA.jpg,https://acv-labs-acv-one.acvauctions.com/image_raw/80da6068-ed85-45d4-97d5-3c9e7b727fd2/right/bottom-side/rr_wheel_raw_2026-02-18_21-30-55_7xlbJIObH8w.jpg,https://acv-labs-acv-one.acvauctions.com/image_raw/80da6068-ed85-45d4-97d5-3c9e7b727fd2/right/bottom-rear/rr_wheel_rear_raw_2026-02-18_21-30-53_W_d66YnGhL8.jpg
112,,https://acv-labs-acv-one.acvauctions.com/image_raw/cdb18db1-641d-4073-b5ad-4dd9545dd3e7/left/bottom-front/lf_wheel_front_raw_2026-02-02_22-00-31_bcFQe1JPKgU.jpg,https://acv-labs-acv-one.acvauctions.com/image_raw/cdb18db1-641d-4073-b5ad-4dd9545dd3e7/left/bottom-side/lf_wheel_raw_2026-02-02_22-00-28_reUIINKa0Bk.jpg,https://acv-labs-acv-one.acvauctions.com/image_raw/cdb18db1-641d-4073-b5ad-4dd9545dd3e7/left/bottom-rear/lf_wheel_rear_raw_2026-02-02_22-00-29_4JCKHp_w6kc.jpg
113,,https://acv-labs-acv-one.acvauctions.com/image_raw/cdb18db1-641d-4073-b5ad-4dd9545dd3e7/left/bottom-front/lr_wheel_front_raw_2026-02-02_22-00-31_IcFNrJbK8Xg.jpg,https://acv-labs-acv-one.acvauctions.com/image_raw/cdb18db1-641d-4073-b5ad-4dd9545dd3e7/left/bottom-side/lr_wheel_raw_2026-02-02_22-00-28_FltDLbhV7sQ.jpg,https://acv-labs-acv-one.acvauctions.com/image_raw/cdb18db1-641d-4073-b5ad-4dd9545dd3e7/left/bottom-rear/lr_wheel_rear_raw_2026-02-02_22-00-29_0HeL1Zkly_Y.jpg
114,,https://acv-labs-acv-one.acvauctions.com/image_raw/cdb18db1-641d-4073-b5ad-4dd9545dd3e7/right/bottom-front/rf_wheel_front_raw_2026-02-02_22-00-35_eClDkeeYcTA.jpg,https://acv-labs-acv-one.acvauctions.com/image_raw/cdb18db1-641d-4073-b5ad-4dd9545dd3e7/right/bottom-side/rf_wheel_raw_2026-02-02_22-00-34_fHnNon7Amog.jpg,https://acv-labs-acv-one.acvauctions.com/image_raw/cdb18db1-641d-4073-b5ad-4dd9545dd3e7/right/bottom-rear/rf_wheel_rear_raw_2026-02-02_22-00-36_AFabTkqu4aU.jpg
115,,https://acv-labs-acv-one.acvauctions.com/image_raw/cdb18db1-641d-4073-b5ad-4dd9545dd3e7/right/bottom-front/rr_wheel_front_raw_2026-02-02_22-00-35_pQBjd06Y1V8.jpg,https://acv-labs-acv-one.acvauctions.com/image_raw/cdb18db1-641d-4073-b5ad-4dd9545dd3e7/right/bottom-side/rr_wheel_raw_2026-02-02_22-00-34_RY0ZY0LZgfg.jpg,https://acv-labs-acv-one.acvauctions.com/image_raw/cdb18db1-641d-4073-b5ad-4dd9545dd3e7/right/bottom-rear/rr_wheel_rear_raw_2026-02-02_22-00-37_Ae5p7D3b-MI.jpg
116,,https://acv-labs-acv-one.acvauctions.com/image_raw/bd73f445-45e9-4181-a958-da8d1f3f66ed/left/bottom-front/lf_wheel_front_raw_2026-02-03_15-54-22_GGaILOGN4xs.jpg,https://acv-labs-acv-one.acvauctions.com/image_raw/bd73f445-45e9-4181-a958-da8d1f3f66ed/left/bottom-side/lf_wheel_raw_2026-02-03_15-54-15_NgDA8Q7PDS8.jpg,https://acv-labs-acv-one.acvauctions.com/image_raw/bd73f445-45e9-4181-a958-da8d1f3f66ed/left/bottom-rear/lf_wheel_rear_raw_2026-02-03_15-54-16_FtQNFJ_ENyo.jpg
117,,https://acv-labs-acv-one.acvauctions.com/image_raw/bd73f445-45e9-4181-a958-da8d1f3f66ed/left/bottom-front/lr_wheel_front_raw_2026-02-03_15-54-22_ElIWVfN5dps.jpg,https://acv-labs-acv-one.acvauctions.com/image_raw/bd73f445-45e9-4181-a958-da8d1f3f66ed/left/bottom-side/lr_wheel_raw_2026-02-03_15-54-16_OMcNS5-uUdA.jpg,https://acv-labs-acv-one.acvauctions.com/image_raw/bd73f445-45e9-4181-a958-da8d1f3f66ed/left/bottom-rear/lr_wheel_rear_raw_2026-02-03_15-54-16_pvl6btVEmWk.jpg
118,,https://acv-labs-acv-one.acvauctions.com/image_raw/bd73f445-45e9-4181-a958-da8d1f3f66ed/right/bottom-front/rf_wheel_front_raw_2026-02-03_15-54-16_A-CtDIs3W1U.jpg,https://acv-labs-acv-one.acvauctions.com/image_raw/bd73f445-45e9-4181-a958-da8d1f3f66ed/right/bottom-side/rf_wheel_raw_2026-02-03_15-54-15_caWJXdyoPUY.jpg,https://acv-labs-acv-one.acvauctions.com/image_raw/bd73f445-45e9-4181-a958-da8d1f3f66ed/right/bottom-rear/rf_wheel_rear_raw_2026-02-03_15-54-16_TkUJ4dLrQzc.jpg
119,,https://acv-labs-acv-one.acvauctions.com/image_raw/bd73f445-45e9-4181-a958-da8d1f3f66ed/right/bottom-front/rr_wheel_front_raw_2026-02-03_15-54-16_bZQ8lVp5KQA.jpg,https://acv-labs-acv-one.acvauctions.com/image_raw/bd73f445-45e9-4181-a958-da8d1f3f66ed/right/bottom-side/rr_wheel_raw_2026-02-03_15-54-15_6W-KEF1T-Mc.jpg,https://acv-labs-acv-one.acvauctions.com/image_raw/bd73f445-45e9-4181-a958-da8d1f3f66ed/right/bottom-rear/rr_wheel_rear_raw_2026-02-03_15-54-17_E7OpuzMuZUg.jpg
120,,https://acv-labs-acv-one.acvauctions.com/image_raw/32e43052-ffe3-4187-b9b3-94258d8cc5a0/left/bottom-front/lf_wheel_front_raw_2026-02-19_00-13-39_68_86C3M3cs.jpg,https://acv-labs-acv-one.acvauctions.com/image_raw/32e43052-ffe3-4187-b9b3-94258d8cc5a0/left/bottom-side/lf_wheel_raw_2026-02-19_00-13-44_U2g_t_Mq788.jpg,https://acv-labs-acv-one.acvauctions.com/image_raw/32e43052-ffe3-4187-b9b3-94258d8cc5a0/left/bottom-rear/lf_wheel_rear_raw_2026-02-19_00-13-40_Uep3V_FXkv4.jpg
121,,https://acv-labs-acv-one.acvauctions.com/image_raw/32e43052-ffe3-4187-b9b3-94258d8cc5a0/left/bottom-front/lr_wheel_front_raw_2026-02-19_00-13-40_xA7JBmbWu1E.jpg,https://acv-labs-acv-one.acvauctions.com/image_raw/32e43052-ffe3-4187-b9b3-94258d8cc5a0/left/bottom-side/lr_wheel_raw_2026-02-19_00-13-44_7GxBpfJThtA.jpg,https://acv-labs-acv-one.acvauctions.com/image_raw/32e43052-ffe3-4187-b9b3-94258d8cc5a0/left/bottom-rear/lr_wheel_rear_raw_2026-02-19_00-13-41_nQFZDcItuW4.jpg
122,,https://acv-labs-acv-one.acvauctions.com/image_raw/32e43052-ffe3-4187-b9b3-94258d8cc5a0/right/bottom-front/rf_wheel_front_raw_2026-02-19_00-13-49_GN-yBaaZiRk.jpg,https://acv-labs-acv-one.acvauctions.com/image_raw/32e43052-ffe3-4187-b9b3-94258d8cc5a0/right/bottom-side/rf_wheel_raw_2026-02-19_00-13-52_AvLGlCCVW_M.jpg,https://acv-labs-acv-one.acvauctions.com/image_raw/32e43052-ffe3-4187-b9b3-94258d8cc5a0/right/bottom-rear/rf_wheel_rear_raw_2026-02-19_00-13-49_xqY8Yeetz8o.jpg
123,,https://acv-labs-acv-one.acvauctions.com/image_raw/32e43052-ffe3-4187-b9b3-94258d8cc5a0/right/bottom-front/rr_wheel_front_raw_2026-02-19_00-13-50_kwy0XPjkJ1M.jpg,https://acv-labs-acv-one.acvauctions.com/image_raw/32e43052-ffe3-4187-b9b3-94258d8cc5a0/right/bottom-side/rr_wheel_raw_2026-02-19_00-13-52_43G17jxY3n4.jpg,https://acv-labs-acv-one.acvauctions.com/image_raw/32e43052-ffe3-4187-b9b3-94258d8cc5a0/right/bottom-rear/rr_wheel_rear_raw_2026-02-19_00-13-49_6bZT1S-2D5o.jpg
124,,https://acv-labs-acv-one.acvauctions.com/image_raw/ddef0d2e-d51a-4238-a133-824c0c2b40c8/left/bottom-front/lf_wheel_front_raw_2026-02-10_16-00-01_w3tYKweTyiI.jpg,https://acv-labs-acv-one.acvauctions.com/image_raw/ddef0d2e-d51a-4238-a133-824c0c2b40c8/left/bottom-side/lf_wheel_raw_2026-02-10_16-00-00_tjsTvp5NkD0.jpg,https://acv-labs-acv-one.acvauctions.com/image_raw/ddef0d2e-d51a-4238-a133-824c0c2b40c8/left/bottom-rear/lf_wheel_rear_raw_2026-02-10_16-00-00_Lz06_XM9rAs.jpg
125,,https://acv-labs-acv-one.acvauctions.com/image_raw/ddef0d2e-d51a-4238-a133-824c0c2b40c8/left/bottom-front/lr_wheel_front_raw_2026-02-10_16-00-01_M3i_v01Sw8g.jpg,https://acv-labs-acv-one.acvauctions.com/image_raw/ddef0d2e-d51a-4238-a133-824c0c2b40c8/left/bottom-side/lr_wheel_raw_2026-02-10_16-00-00_Pp5SOZ1HCj8.jpg,https://acv-labs-acv-one.acvauctions.com/image_raw/ddef0d2e-d51a-4238-a133-824c0c2b40c8/left/bottom-rear/lr_wheel_rear_raw_2026-02-10_16-00-01_009VsQ-pT6c.jpg
126,,https://acv-labs-acv-one.acvauctions.com/image_raw/ddef0d2e-d51a-4238-a133-824c0c2b40c8/right/bottom-front/rf_wheel_front_raw_2026-02-10_16-00-01_B5uEYQqXlqA.jpg,https://acv-labs-acv-one.acvauctions.com/image_raw/ddef0d2e-d51a-4238-a133-824c0c2b40c8/right/bottom-side/rf_wheel_raw_2026-02-10_16-00-00_R8FwT4rn290.jpg,https://acv-labs-acv-one.acvauctions.com/image_raw/ddef0d2e-d51a-4238-a133-824c0c2b40c8/right/bottom-rear/rf_wheel_rear_raw_2026-02-10_16-00-03_10UggdCpxMs.jpg
127,,https://acv-labs-acv-one.acvauctions.com/image_raw/ddef0d2e-d51a-4238-a133-824c0c2b40c8/right/bottom-front/rr_wheel_front_raw_2026-02-10_16-00-01_V64Uf0uGfrI.jpg,https://acv-labs-acv-one.acvauctions.com/image_raw/ddef0d2e-d51a-4238-a133-824c0c2b40c8/right/bottom-side/rr_wheel_raw_2026-02-10_16-00-01_b_PPI4ACVnc.jpg,https://acv-labs-acv-one.acvauctions.com/image_raw/ddef0d2e-d51a-4238-a133-824c0c2b40c8/right/bottom-rear/rr_wheel_rear_raw_2026-02-10_16-00-04_UJJ391ZNNCo.jpg
128,,https://acv-labs-acv-one.acvauctions.com/image_raw/ba14f30f-f822-4b16-8368-01595c200a7d/left/bottom-front/lf_wheel_front_raw_2026-02-09_22-44-36_vi379SJL0Yc.jpg,https://acv-labs-acv-one.acvauctions.com/image_raw/ba14f30f-f822-4b16-8368-01595c200a7d/left/bottom-side/lf_wheel_raw_2026-02-09_22-44-31_ro8r5R0fQk0.jpg,https://acv-labs-acv-one.acvauctions.com/image_raw/ba14f30f-f822-4b16-8368-01595c200a7d/left/bottom-rear/lf_wheel_rear_raw_2026-02-09_22-44-31_Jeev9BUPnk4.jpg
129,,https://acv-labs-acv-one.acvauctions.com/image_raw/ba14f30f-f822-4b16-8368-01595c200a7d/left/bottom-front/lr_wheel_front_raw_2026-02-09_22-44-37_HA6dPVBZ0EE.jpg,https://acv-labs-acv-one.acvauctions.com/image_raw/ba14f30f-f822-4b16-8368-01595c200a7d/left/bottom-side/lr_wheel_raw_2026-02-09_22-44-31_ILZtqnQ-JH4.jpg,https://acv-labs-acv-one.acvauctions.com/image_raw/ba14f30f-f822-4b16-8368-01595c200a7d/left/bottom-rear/lr_wheel_rear_raw_2026-02-09_22-44-31_tkBOtuYdTIs.jpg
130,,https://acv-labs-acv-one.acvauctions.com/image_raw/ba14f30f-f822-4b16-8368-01595c200a7d/right/bottom-front/rf_wheel_front_raw_2026-02-09_22-44-30_bNxobzKDTcM.jpg,https://acv-labs-acv-one.acvauctions.com/image_raw/ba14f30f-f822-4b16-8368-01595c200a7d/right/bottom-side/rf_wheel_raw_2026-02-09_22-44-28_EdriSTQbKlI.jpg,https://acv-labs-acv-one.acvauctions.com/image_raw/ba14f30f-f822-4b16-8368-01595c200a7d/right/bottom-rear/rf_wheel_rear_raw_2026-02-09_22-44-30_l9dQuer9onc.jpg
131,,https://acv-labs-acv-one.acvauctions.com/image_raw/ba14f30f-f822-4b16-8368-01595c200a7d/right/bottom-front/rr_wheel_front_raw_2026-02-09_22-44-30_qJ7orfg62pQ.jpg,https://acv-labs-acv-one.acvauctions.com/image_raw/ba14f30f-f822-4b16-8368-01595c200a7d/right/bottom-side/rr_wheel_raw_2026-02-09_22-44-29_sXoJwX8kX_0.jpg,https://acv-labs-acv-one.acvauctions.com/image_raw/ba14f30f-f822-4b16-8368-01595c200a7d/right/bottom-rear/rr_wheel_rear_raw_2026-02-09_22-44-31_f_aXKfMkyug.jpg
132,,https://acv-labs-acv-one.acvauctions.com/image_raw/1998715c-fbac-4eac-b7d9-cab8a4050d55/left/bottom-front/lf_wheel_front_raw_2026-02-02_18-40-22_hOgypO8Evbg.jpg,https://acv-labs-acv-one.acvauctions.com/image_raw/1998715c-fbac-4eac-b7d9-cab8a4050d55/left/bottom-side/lf_wheel_raw_2026-02-02_18-40-26_nL8e7ob76_c.jpg,https://acv-labs-acv-one.acvauctions.com/image_raw/1998715c-fbac-4eac-b7d9-cab8a4050d55/left/bottom-rear/lf_wheel_rear_raw_2026-02-02_18-40-25_T8m6-RR-CZM.jpg
133,,https://acv-labs-acv-one.acvauctions.com/image_raw/1998715c-fbac-4eac-b7d9-cab8a4050d55/left/bottom-front/lr_wheel_front_raw_2026-02-02_18-40-23_ZI-2FX0TKCs.jpg,https://acv-labs-acv-one.acvauctions.com/image_raw/1998715c-fbac-4eac-b7d9-cab8a4050d55/left/bottom-side/lr_wheel_raw_2026-02-02_18-40-27_gVaGEGtBlrw.jpg,https://acv-labs-acv-one.acvauctions.com/image_raw/1998715c-fbac-4eac-b7d9-cab8a4050d55/left/bottom-rear/lr_wheel_rear_raw_2026-02-02_18-40-25__eR6lf2v8oo.jpg
134,,https://acv-labs-acv-one.acvauctions.com/image_raw/1998715c-fbac-4eac-b7d9-cab8a4050d55/right/bottom-front/rf_wheel_front_raw_2026-02-02_18-40-22_Xwr3EuI-zSM.jpg,https://acv-labs-acv-one.acvauctions.com/image_raw/1998715c-fbac-4eac-b7d9-cab8a4050d55/right/bottom-side/rf_wheel_raw_2026-02-02_18-40-22_rqoGulgWkmE.jpg,https://acv-labs-acv-one.acvauctions.com/image_raw/1998715c-fbac-4eac-b7d9-cab8a4050d55/right/bottom-rear/rf_wheel_rear_raw_2026-02-02_18-40-21_lRiG5-2oMu8.jpg
135,,https://acv-labs-acv-one.acvauctions.com/image_raw/1998715c-fbac-4eac-b7d9-cab8a4050d55/right/bottom-front/rr_wheel_front_raw_2026-02-02_18-40-22_7pQDLFt3iqY.jpg,https://acv-labs-acv-one.acvauctions.com/image_raw/1998715c-fbac-4eac-b7d9-cab8a4050d55/right/bottom-side/rr_wheel_raw_2026-02-02_18-40-22_Xu1V0m5RrZQ.jpg,https://acv-labs-acv-one.acvauctions.com/image_raw/1998715c-fbac-4eac-b7d9-cab8a4050d55/right/bottom-rear/rr_wheel_rear_raw_2026-02-02_18-40-22_86Z5QmB03AA.jpg
136,,https://acv-labs-acv-one.acvauctions.com/image_raw/778d1766-1880-4ad0-98d2-72f260334baf/left/bottom-front/lf_wheel_front_raw_2026-02-09_19-51-19_uAQhcAEu8LU.jpg,https://acv-labs-acv-one.acvauctions.com/image_raw/778d1766-1880-4ad0-98d2-72f260334baf/left/bottom-side/lf_wheel_raw_2026-02-09_19-51-20_pEdPKFSU0XY.jpg,https://acv-labs-acv-one.acvauctions.com/image_raw/778d1766-1880-4ad0-98d2-72f260334baf/left/bottom-rear/lf_wheel_rear_raw_2026-02-09_19-51-19_ErlL5LDNcBg.jpg
137,,https://acv-labs-acv-one.acvauctions.com/image_raw/778d1766-1880-4ad0-98d2-72f260334baf/left/bottom-front/lr_wheel_front_raw_2026-02-09_19-51-19_NTM5rUIA-Mg.jpg,https://acv-labs-acv-one.acvauctions.com/image_raw/778d1766-1880-4ad0-98d2-72f260334baf/left/bottom-side/lr_wheel_raw_2026-02-09_19-51-20_5O9BoC5iXsM.jpg,https://acv-labs-acv-one.acvauctions.com/image_raw/778d1766-1880-4ad0-98d2-72f260334baf/left/bottom-rear/lr_wheel_rear_raw_2026-02-09_19-51-19_M_hdbRaQYe4.jpg
138,,https://acv-labs-acv-one.acvauctions.com/image_raw/778d1766-1880-4ad0-98d2-72f260334baf/right/bottom-front/rf_wheel_front_raw_2026-02-09_19-51-21_OnMA26y3Zuw.jpg,https://acv-labs-acv-one.acvauctions.com/image_raw/778d1766-1880-4ad0-98d2-72f260334baf/right/bottom-side/rf_wheel_raw_2026-02-09_19-51-20_Ab5bHIjzBm8.jpg,https://acv-labs-acv-one.acvauctions.com/image_raw/778d1766-1880-4ad0-98d2-72f260334baf/right/bottom-rear/rf_wheel_rear_raw_2026-02-09_19-51-24_sR0-z_-Qc18.jpg
139,,https://acv-labs-acv-one.acvauctions.com/image_raw/778d1766-1880-4ad0-98d2-72f260334baf/right/bottom-front/rr_wheel_front_raw_2026-02-09_19-51-21_GcA2_4pUwUQ.jpg,https://acv-labs-acv-one.acvauctions.com/image_raw/778d1766-1880-4ad0-98d2-72f260334baf/right/bottom-side/rr_wheel_raw_2026-02-09_19-51-21_gLV9SG-YvJQ.jpg,https://acv-labs-acv-one.acvauctions.com/image_raw/778d1766-1880-4ad0-98d2-72f260334baf/right/bottom-rear/rr_wheel_rear_raw_2026-02-09_19-51-24_T4cZprNvsZU.jpg
140,,https://acv-labs-acv-one.acvauctions.com/image_raw/4725a1d3-8f87-459e-a9f2-fd155ecf7b58/left/bottom-front/lf_wheel_front_raw_2026-02-09_22-27-30_EvnGbgoPwUA.jpg,https://acv-labs-acv-one.acvauctions.com/image_raw/4725a1d3-8f87-459e-a9f2-fd155ecf7b58/left/bottom-side/lf_wheel_raw_2026-02-09_22-27-29_vOtjxSrofkU.jpg,https://acv-labs-acv-one.acvauctions.com/image_raw/4725a1d3-8f87-459e-a9f2-fd155ecf7b58/left/bottom-rear/lf_wheel_rear_raw_2026-02-09_22-27-30_AsZRVA1WUSA.jpg
141,,https://acv-labs-acv-one.acvauctions.com/image_raw/4725a1d3-8f87-459e-a9f2-fd155ecf7b58/left/bottom-front/lr_wheel_front_raw_2026-02-09_22-27-30_KqElrsZmkIM.jpg,https://acv-labs-acv-one.acvauctions.com/image_raw/4725a1d3-8f87-459e-a9f2-fd155ecf7b58/left/bottom-side/lr_wheel_raw_2026-02-09_22-27-30_NQXrgtnzvp4.jpg,https://acv-labs-acv-one.acvauctions.com/image_raw/4725a1d3-8f87-459e-a9f2-fd155ecf7b58/left/bottom-rear/lr_wheel_rear_raw_2026-02-09_22-27-30_Fe_1JYPjO6I.jpg
142,,https://acv-labs-acv-one.acvauctions.com/image_raw/4725a1d3-8f87-459e-a9f2-fd155ecf7b58/right/bottom-front/rf_wheel_front_raw_2026-02-09_22-27-31_msPuVUl6CRw.jpg,https://acv-labs-acv-one.acvauctions.com/image_raw/4725a1d3-8f87-459e-a9f2-fd155ecf7b58/right/bottom-side/rf_wheel_raw_2026-02-09_22-27-33_GQI2tcDbmRM.jpg,https://acv-labs-acv-one.acvauctions.com/image_raw/4725a1d3-8f87-459e-a9f2-fd155ecf7b58/right/bottom-rear/rf_wheel_rear_raw_2026-02-09_22-27-33_gLBHRKe3J-s.jpg
143,,https://acv-labs-acv-one.acvauctions.com/image_raw/4725a1d3-8f87-459e-a9f2-fd155ecf7b58/right/bottom-front/rr_wheel_front_raw_2026-02-09_22-27-31_-PPSJHg-NPg.jpg,https://acv-labs-acv-one.acvauctions.com/image_raw/4725a1d3-8f87-459e-a9f2-fd155ecf7b58/right/bottom-side/rr_wheel_raw_2026-02-09_22-27-33_DXzzP2-yjhg.jpg,https://acv-labs-acv-one.acvauctions.com/image_raw/4725a1d3-8f87-459e-a9f2-fd155ecf7b58/right/bottom-rear/rr_wheel_rear_raw_2026-02-09_22-27-33_EtAg6SDwWp8.jpg
144,,https://acv-labs-acv-one.acvauctions.com/image_raw/b49e0819-e034-4c5d-bdcf-9cf155f5a4c0/left/bottom-front/lf_wheel_front_raw_2026-02-02_18-28-52_w2YYkgyy8Bk.jpg,https://acv-labs-acv-one.acvauctions.com/image_raw/b49e0819-e034-4c5d-bdcf-9cf155f5a4c0/left/bottom-side/lf_wheel_raw_2026-02-02_18-28-53_SJQzTHzUJvk.jpg,https://acv-labs-acv-one.acvauctions.com/image_raw/b49e0819-e034-4c5d-bdcf-9cf155f5a4c0/left/bottom-rear/lf_wheel_rear_raw_2026-02-02_18-29-00_Et6pd389nfg.jpg
145,,https://acv-labs-acv-one.acvauctions.com/image_raw/b49e0819-e034-4c5d-bdcf-9cf155f5a4c0/left/bottom-front/lr_wheel_front_raw_2026-02-02_18-28-52_DpAN74Os1o0.jpg,https://acv-labs-acv-one.acvauctions.com/image_raw/b49e0819-e034-4c5d-bdcf-9cf155f5a4c0/left/bottom-side/lr_wheel_raw_2026-02-02_18-28-53_mzqdTzjpjr8.jpg,https://acv-labs-acv-one.acvauctions.com/image_raw/b49e0819-e034-4c5d-bdcf-9cf155f5a4c0/left/bottom-rear/lr_wheel_rear_raw_2026-02-02_18-29-00_XUPjnYMszko.jpg
146,,https://acv-labs-acv-one.acvauctions.com/image_raw/b49e0819-e034-4c5d-bdcf-9cf155f5a4c0/right/bottom-front/rf_wheel_front_raw_2026-02-02_18-28-53_s65DvCUWMCY.jpg,https://acv-labs-acv-one.acvauctions.com/image_raw/b49e0819-e034-4c5d-bdcf-9cf155f5a4c0/right/bottom-side/rf_wheel_raw_2026-02-02_18-28-52_aLiP-eKDuUM.jpg,https://acv-labs-acv-one.acvauctions.com/image_raw/b49e0819-e034-4c5d-bdcf-9cf155f5a4c0/right/bottom-rear/rf_wheel_rear_raw_2026-02-02_18-28-53_Ch4casYWWWk.jpg
147,,https://acv-labs-acv-one.acvauctions.com/image_raw/b49e0819-e034-4c5d-bdcf-9cf155f5a4c0/right/bottom-front/rr_wheel_front_raw_2026-02-02_18-28-54_LdN1w_G3LZs.jpg,https://acv-labs-acv-one.acvauctions.com/image_raw/b49e0819-e034-4c5d-bdcf-9cf155f5a4c0/right/bottom-side/rr_wheel_raw_2026-02-02_18-28-52_3csq8jmtxWU.jpg,https://acv-labs-acv-one.acvauctions.com/image_raw/b49e0819-e034-4c5d-bdcf-9cf155f5a4c0/right/bottom-rear/rr_wheel_rear_raw_2026-02-02_18-28-53_yPr1wIkAuHM.jpg
148,,https://acv-labs-acv-one.acvauctions.com/image_raw/d078cc90-27eb-4f8d-977b-56dc6af86d55/left/bottom-front/lf_wheel_front_raw_2026-02-02_18-32-38_HJieIIY09Io.jpg,https://acv-labs-acv-one.acvauctions.com/image_raw/d078cc90-27eb-4f8d-977b-56dc6af86d55/left/bottom-side/lf_wheel_raw_2026-02-02_18-32-33_aS3sdMx_P-E.jpg,https://acv-labs-acv-one.acvauctions.com/image_raw/d078cc90-27eb-4f8d-977b-56dc6af86d55/left/bottom-rear/lf_wheel_rear_raw_2026-02-02_18-32-33_x5tzHhgqzTo.jpg
149,,https://acv-labs-acv-one.acvauctions.com/image_raw/d078cc90-27eb-4f8d-977b-56dc6af86d55/left/bottom-front/lr_wheel_front_raw_2026-02-02_18-32-38_BSCfPjGoPEQ.jpg,https://acv-labs-acv-one.acvauctions.com/image_raw/d078cc90-27eb-4f8d-977b-56dc6af86d55/left/bottom-side/lr_wheel_raw_2026-02-02_18-32-34_bHLu-UkV_18.jpg,https://acv-labs-acv-one.acvauctions.com/image_raw/d078cc90-27eb-4f8d-977b-56dc6af86d55/left/bottom-rear/lr_wheel_rear_raw_2026-02-02_18-32-34_9oCogqGTrKY.jpg
150,,https://acv-labs-acv-one.acvauctions.com/image_raw/d078cc90-27eb-4f8d-977b-56dc6af86d55/right/bottom-front/rf_wheel_front_raw_2026-02-02_18-32-31_n5VojGE2SIg.jpg,https://acv-labs-acv-one.acvauctions.com/image_raw/d078cc90-27eb-4f8d-977b-56dc6af86d55/right/bottom-side/rf_wheel_raw_2026-02-02_18-32-31_XdxnyPxVCPY.jpg,https://acv-labs-acv-one.acvauctions.com/image_raw/d078cc90-27eb-4f8d-977b-56dc6af86d55/right/bottom-rear/rf_wheel_rear_raw_2026-02-02_18-32-32_ghe73l-woOc.jpg
151,,https://acv-labs-acv-one.acvauctions.com/image_raw/d078cc90-27eb-4f8d-977b-56dc6af86d55/right/bottom-front/rr_wheel_front_raw_2026-02-02_18-32-32_6CFVD1GXV3A.jpg,https://acv-labs-acv-one.acvauctions.com/image_raw/d078cc90-27eb-4f8d-977b-56dc6af86d55/right/bottom-side/rr_wheel_raw_2026-02-02_18-32-31_nOEqZywuJH8.jpg,https://acv-labs-acv-one.acvauctions.com/image_raw/d078cc90-27eb-4f8d-977b-56dc6af86d55/right/bottom-rear/rr_wheel_rear_raw_2026-02-02_18-32-32_5G2uAYUDpzo.jpg
152,,https://acv-labs-acv-one.acvauctions.com/image_raw/bdd9885f-dab6-438c-9c5a-49126d4e647e/left/bottom-front/lf_wheel_front_raw_2026-02-05_22-35-15_uW_ULHKAEBw.jpg,https://acv-labs-acv-one.acvauctions.com/image_raw/bdd9885f-dab6-438c-9c5a-49126d4e647e/left/bottom-side/lf_wheel_raw_2026-02-05_22-35-16_0LwLw9sKMR0.jpg,https://acv-labs-acv-one.acvauctions.com/image_raw/bdd9885f-dab6-438c-9c5a-49126d4e647e/left/bottom-rear/lf_wheel_rear_raw_2026-02-05_22-35-14_2BMQLGgWaMo.jpg
153,,https://acv-labs-acv-one.acvauctions.com/image_raw/bdd9885f-dab6-438c-9c5a-49126d4e647e/left/bottom-front/lr_wheel_front_raw_2026-02-05_22-35-15_N_mJ3LcFDGI.jpg,https://acv-labs-acv-one.acvauctions.com/image_raw/bdd9885f-dab6-438c-9c5a-49126d4e647e/left/bottom-side/lr_wheel_raw_2026-02-05_22-35-16_hSbXhylQn1o.jpg,https://acv-labs-acv-one.acvauctions.com/image_raw/bdd9885f-dab6-438c-9c5a-49126d4e647e/left/bottom-rear/lr_wheel_rear_raw_2026-02-05_22-35-15_YGRLhNhrAeM.jpg
154,,https://acv-labs-acv-one.acvauctions.com/image_raw/bdd9885f-dab6-438c-9c5a-49126d4e647e/right/bottom-front/rf_wheel_front_raw_2026-02-05_22-35-20_8er9UXqVfrM.jpg,https://acv-labs-acv-one.acvauctions.com/image_raw/bdd9885f-dab6-438c-9c5a-49126d4e647e/right/bottom-side/rf_wheel_raw_2026-02-05_22-35-21_gN80iXGXPVY.jpg,https://acv-labs-acv-one.acvauctions.com/image_raw/bdd9885f-dab6-438c-9c5a-49126d4e647e/right/bottom-rear/rf_wheel_rear_raw_2026-02-05_22-35-20_GoC7AvzgmqI.jpg
155,,https://acv-labs-acv-one.acvauctions.com/image_raw/bdd9885f-dab6-438c-9c5a-49126d4e647e/right/bottom-front/rr_wheel_front_raw_2026-02-05_22-35-20_PMDMbCxnTW4.jpg,https://acv-labs-acv-one.acvauctions.com/image_raw/bdd9885f-dab6-438c-9c5a-49126d4e647e/right/bottom-side/rr_wheel_raw_2026-02-05_22-35-21_t1UetAb3WyA.jpg,https://acv-labs-acv-one.acvauctions.com/image_raw/bdd9885f-dab6-438c-9c5a-49126d4e647e/right/bottom-rear/rr_wheel_rear_raw_2026-02-05_22-35-20_lArzbK0x0-8.jpg
156,,https://acv-labs-acv-one.acvauctions.com/image_raw/8a49a539-a956-40af-8069-e4307cac56b3/left/bottom-front/lf_wheel_front_raw_2026-02-17_00-06-12_FWAir45ht7o.jpg,https://acv-labs-acv-one.acvauctions.com/image_raw/8a49a539-a956-40af-8069-e4307cac56b3/left/bottom-side/lf_wheel_raw_2026-02-17_00-06-08_u6IiXHLt1Bo.jpg,https://acv-labs-acv-one.acvauctions.com/image_raw/8a49a539-a956-40af-8069-e4307cac56b3/left/bottom-rear/lf_wheel_rear_raw_2026-02-17_00-06-13_cUsiGvLLK5Q.jpg
157,,https://acv-labs-acv-one.acvauctions.com/image_raw/8a49a539-a956-40af-8069-e4307cac56b3/left/bottom-front/lr_wheel_front_raw_2026-02-17_00-06-13_KwH6ksZADb4.jpg,https://acv-labs-acv-one.acvauctions.com/image_raw/8a49a539-a956-40af-8069-e4307cac56b3/left/bottom-side/lr_wheel_raw_2026-02-17_00-06-09_17CfO1qsaLw.jpg,https://acv-labs-acv-one.acvauctions.com/image_raw/8a49a539-a956-40af-8069-e4307cac56b3/left/bottom-rear/lr_wheel_rear_raw_2026-02-17_00-06-13_O5kQ-hPu06Y.jpg
158,,https://acv-labs-acv-one.acvauctions.com/image_raw/8a49a539-a956-40af-8069-e4307cac56b3/right/bottom-front/rf_wheel_front_raw_2026-02-17_00-06-13_lYe7zYwv5Ac.jpg,https://acv-labs-acv-one.acvauctions.com/image_raw/8a49a539-a956-40af-8069-e4307cac56b3/right/bottom-side/rf_wheel_raw_2026-02-17_00-06-14_pn_faA-_4uQ.jpg,https://acv-labs-acv-one.acvauctions.com/image_raw/8a49a539-a956-40af-8069-e4307cac56b3/right/bottom-rear/rf_wheel_rear_raw_2026-02-17_00-06-18_WR6XWdhllts.jpg
159,,https://acv-labs-acv-one.acvauctions.com/image_raw/8a49a539-a956-40af-8069-e4307cac56b3/right/bottom-front/rr_wheel_front_raw_2026-02-17_00-06-13_6-ZnZkHRZ8k.jpg,https://acv-labs-acv-one.acvauctions.com/image_raw/8a49a539-a956-40af-8069-e4307cac56b3/right/bottom-side/rr_wheel_raw_2026-02-17_00-06-15_9g0lhfNPU8Q.jpg,https://acv-labs-acv-one.acvauctions.com/image_raw/8a49a539-a956-40af-8069-e4307cac56b3/right/bottom-rear/rr_wheel_rear_raw_2026-02-17_00-06-18_3eIdPb5LIKw.jpg
160,,https://acv-labs-acv-one.acvauctions.com/image_raw/4b9f11f6-d847-4443-9092-2123ac2ace5a/left/bottom-front/lf_wheel_front_raw_2026-02-17_00-08-20_jSno7kPjrDo.jpg,https://acv-labs-acv-one.acvauctions.com/image_raw/4b9f11f6-d847-4443-9092-2123ac2ace5a/left/bottom-side/lf_wheel_raw_2026-02-17_00-08-18_BhNHAZ2TvGs.jpg,https://acv-labs-acv-one.acvauctions.com/image_raw/4b9f11f6-d847-4443-9092-2123ac2ace5a/left/bottom-rear/lf_wheel_rear_raw_2026-02-17_00-08-18_Zl5fkvluJT0.jpg
161,,https://acv-labs-acv-one.acvauctions.com/image_raw/4b9f11f6-d847-4443-9092-2123ac2ace5a/left/bottom-front/lr_wheel_front_raw_2026-02-17_00-08-21_A2Rj3taBV5E.jpg,https://acv-labs-acv-one.acvauctions.com/image_raw/4b9f11f6-d847-4443-9092-2123ac2ace5a/left/bottom-side/lr_wheel_raw_2026-02-17_00-08-19__F31sBDrU6E.jpg,https://acv-labs-acv-one.acvauctions.com/image_raw/4b9f11f6-d847-4443-9092-2123ac2ace5a/left/bottom-rear/lr_wheel_rear_raw_2026-02-17_00-08-18_rx6uYstPFaQ.jpg
162,,https://acv-labs-acv-one.acvauctions.com/image_raw/4b9f11f6-d847-4443-9092-2123ac2ace5a/right/bottom-front/rf_wheel_front_raw_2026-02-17_00-08-30_e01_K5cvIaE.jpg,https://acv-labs-acv-one.acvauctions.com/image_raw/4b9f11f6-d847-4443-9092-2123ac2ace5a/right/bottom-side/rf_wheel_raw_2026-02-17_00-08-34_uOrR74uVFao.jpg,https://acv-labs-acv-one.acvauctions.com/image_raw/4b9f11f6-d847-4443-9092-2123ac2ace5a/right/bottom-rear/rf_wheel_rear_raw_2026-02-17_00-08-18_6wptGGEW-PI.jpg
163,,https://acv-labs-acv-one.acvauctions.com/image_raw/4b9f11f6-d847-4443-9092-2123ac2ace5a/right/bottom-front/rr_wheel_front_raw_2026-02-17_00-08-30_LhlP2lP2nEM.jpg,https://acv-labs-acv-one.acvauctions.com/image_raw/4b9f11f6-d847-4443-9092-2123ac2ace5a/right/bottom-side/rr_wheel_raw_2026-02-17_00-08-34_14I_jnY3V1M.jpg,https://acv-labs-acv-one.acvauctions.com/image_raw/4b9f11f6-d847-4443-9092-2123ac2ace5a/right/bottom-rear/rr_wheel_rear_raw_2026-02-17_00-08-19_JF8HqbLtwNE.jpg
164,,https://acv-labs-acv-one.acvauctions.com/image_raw/59bf93c7-f36e-4463-8ff3-7bb2f47b875f/left/bottom-front/lf_wheel_front_raw_2026-02-03_17-29-13_VVL46aT2fIw.jpg,https://acv-labs-acv-one.acvauctions.com/image_raw/59bf93c7-f36e-4463-8ff3-7bb2f47b875f/left/bottom-side/lf_wheel_raw_2026-02-03_17-29-13_g8T8tCnjCWY.jpg,https://acv-labs-acv-one.acvauctions.com/image_raw/59bf93c7-f36e-4463-8ff3-7bb2f47b875f/left/bottom-rear/lf_wheel_rear_raw_2026-02-03_17-29-18_q1wGHw6pwN8.jpg
165,,https://acv-labs-acv-one.acvauctions.com/image_raw/59bf93c7-f36e-4463-8ff3-7bb2f47b875f/left/bottom-front/lr_wheel_front_raw_2026-02-03_17-29-14_PXHWc1OTxfw.jpg,https://acv-labs-acv-one.acvauctions.com/image_raw/59bf93c7-f36e-4463-8ff3-7bb2f47b875f/left/bottom-side/lr_wheel_raw_2026-02-03_17-29-13_pDclwu5V5nc.jpg,https://acv-labs-acv-one.acvauctions.com/image_raw/59bf93c7-f36e-4463-8ff3-7bb2f47b875f/left/bottom-rear/lr_wheel_rear_raw_2026-02-03_17-29-18_F2zJMJUPuK4.jpg
166,,https://acv-labs-acv-one.acvauctions.com/image_raw/59bf93c7-f36e-4463-8ff3-7bb2f47b875f/right/bottom-front/rf_wheel_front_raw_2026-02-03_17-29-13_DUy_IgKKBbI.jpg,https://acv-labs-acv-one.acvauctions.com/image_raw/59bf93c7-f36e-4463-8ff3-7bb2f47b875f/right/bottom-side/rf_wheel_raw_2026-02-03_17-29-13__CnYdB7ZUnY.jpg,https://acv-labs-acv-one.acvauctions.com/image_raw/59bf93c7-f36e-4463-8ff3-7bb2f47b875f/right/bottom-rear/rf_wheel_rear_raw_2026-02-03_17-29-13_OUwmxxODlFo.jpg
167,,https://acv-labs-acv-one.acvauctions.com/image_raw/59bf93c7-f36e-4463-8ff3-7bb2f47b875f/right/bottom-front/rr_wheel_front_raw_2026-02-03_17-29-13_h_nQ51SLqwo.jpg,https://acv-labs-acv-one.acvauctions.com/image_raw/59bf93c7-f36e-4463-8ff3-7bb2f47b875f/right/bottom-side/rr_wheel_raw_2026-02-03_17-29-14_-gcw_wIxPyQ.jpg,https://acv-labs-acv-one.acvauctions.com/image_raw/59bf93c7-f36e-4463-8ff3-7bb2f47b875f/right/bottom-rear/rr_wheel_rear_raw_2026-02-03_17-29-13_NpbHFeUW0nk.jpg
168,,https://acv-labs-acv-one.acvauctions.com/image_raw/46d7e479-7556-42c8-a2b9-290bd9470888/left/bottom-front/lf_wheel_front_raw_2026-02-02_18-39-03_QKjDkEHakgg.jpg,https://acv-labs-acv-one.acvauctions.com/image_raw/46d7e479-7556-42c8-a2b9-290bd9470888/left/bottom-side/lf_wheel_raw_2026-02-02_18-38-57__q8Y0TQBIu8.jpg,https://acv-labs-acv-one.acvauctions.com/image_raw/46d7e479-7556-42c8-a2b9-290bd9470888/left/bottom-rear/lf_wheel_rear_raw_2026-02-02_18-38-59_jiacDYF5eOc.jpg
169,,https://acv-labs-acv-one.acvauctions.com/image_raw/46d7e479-7556-42c8-a2b9-290bd9470888/left/bottom-front/lr_wheel_front_raw_2026-02-02_18-39-03_qHsDKepcObw.jpg,https://acv-labs-acv-one.acvauctions.com/image_raw/46d7e479-7556-42c8-a2b9-290bd9470888/left/bottom-side/lr_wheel_raw_2026-02-02_18-38-58_AUDne-2-13Y.jpg,https://acv-labs-acv-one.acvauctions.com/image_raw/46d7e479-7556-42c8-a2b9-290bd9470888/left/bottom-rear/lr_wheel_rear_raw_2026-02-02_18-38-59_SQSyV58-bQU.jpg
170,,https://acv-labs-acv-one.acvauctions.com/image_raw/46d7e479-7556-42c8-a2b9-290bd9470888/right/bottom-front/rf_wheel_front_raw_2026-02-02_18-39-04_Jr1TRLzn1SY.jpg,https://acv-labs-acv-one.acvauctions.com/image_raw/46d7e479-7556-42c8-a2b9-290bd9470888/right/bottom-side/rf_wheel_raw_2026-02-02_18-39-07_NxxUoGKZmKw.jpg,https://acv-labs-acv-one.acvauctions.com/image_raw/46d7e479-7556-42c8-a2b9-290bd9470888/right/bottom-rear/rf_wheel_rear_raw_2026-02-02_18-38-57_kXu5nazlS3M.jpg
171,,https://acv-labs-acv-one.acvauctions.com/image_raw/46d7e479-7556-42c8-a2b9-290bd9470888/right/bottom-front/rr_wheel_front_raw_2026-02-02_18-39-04_RpymJI-c1k0.jpg,https://acv-labs-acv-one.acvauctions.com/image_raw/46d7e479-7556-42c8-a2b9-290bd9470888/right/bottom-side/rr_wheel_raw_2026-02-02_18-39-07_A74SYW5DS5k.jpg,https://acv-labs-acv-one.acvauctions.com/image_raw/46d7e479-7556-42c8-a2b9-290bd9470888/right/bottom-rear/rr_wheel_rear_raw_2026-02-02_18-38-57_W0h4TclZkWk.jpg
172,,https://acv-labs-acv-one.acvauctions.com/image_raw/d465bfcf-c5a2-4171-82ac-c498850e6dd6/left/bottom-front/lf_wheel_front_raw_2026-02-03_17-15-46_4vmnZmOIXDo.jpg,https://acv-labs-acv-one.acvauctions.com/image_raw/d465bfcf-c5a2-4171-82ac-c498850e6dd6/left/bottom-side/lf_wheel_raw_2026-02-03_17-15-43_F115Owmz3jg.jpg,https://acv-labs-acv-one.acvauctions.com/image_raw/d465bfcf-c5a2-4171-82ac-c498850e6dd6/left/bottom-rear/lf_wheel_rear_raw_2026-02-03_17-15-47_oPMuZH4Rbmc.jpg
173,,https://acv-labs-acv-one.acvauctions.com/image_raw/d465bfcf-c5a2-4171-82ac-c498850e6dd6/left/bottom-front/lr_wheel_front_raw_2026-02-03_17-15-46_7gDCuRaJvjk.jpg,https://acv-labs-acv-one.acvauctions.com/image_raw/d465bfcf-c5a2-4171-82ac-c498850e6dd6/left/bottom-side/lr_wheel_raw_2026-02-03_17-15-43_PdhYShh8xvU.jpg,https://acv-labs-acv-one.acvauctions.com/image_raw/d465bfcf-c5a2-4171-82ac-c498850e6dd6/left/bottom-rear/lr_wheel_rear_raw_2026-02-03_17-15-47_ZXajIQ4Gv50.jpg
174,,https://acv-labs-acv-one.acvauctions.com/image_raw/d465bfcf-c5a2-4171-82ac-c498850e6dd6/right/bottom-front/rf_wheel_front_raw_2026-02-03_17-15-40_vPNnbWs_hOA.jpg,https://acv-labs-acv-one.acvauctions.com/image_raw/d465bfcf-c5a2-4171-82ac-c498850e6dd6/right/bottom-side/rf_wheel_raw_2026-02-03_17-15-42_QpM8OSjXnr0.jpg,https://acv-labs-acv-one.acvauctions.com/image_raw/d465bfcf-c5a2-4171-82ac-c498850e6dd6/right/bottom-rear/rf_wheel_rear_raw_2026-02-03_17-15-43_7Lt398gq0w8.jpg
175,,https://acv-labs-acv-one.acvauctions.com/image_raw/d465bfcf-c5a2-4171-82ac-c498850e6dd6/right/bottom-front/rr_wheel_front_raw_2026-02-03_17-15-40_9iZNTgUblCk.jpg,https://acv-labs-acv-one.acvauctions.com/image_raw/d465bfcf-c5a2-4171-82ac-c498850e6dd6/right/bottom-side/rr_wheel_raw_2026-02-03_17-15-43_i9kAVQAfULQ.jpg,https://acv-labs-acv-one.acvauctions.com/image_raw/d465bfcf-c5a2-4171-82ac-c498850e6dd6/right/bottom-rear/rr_wheel_rear_raw_2026-02-03_17-15-44_OX_2v5_3FkE.jpg
176,,https://acv-labs-acv-one.acvauctions.com/image_raw/0eaad287-58e1-492b-97ab-0956a8fe8dbc/left/bottom-front/lf_wheel_front_raw_2026-02-13_18-38-50_0rUfp3W3Fg0.jpg,https://acv-labs-acv-one.acvauctions.com/image_raw/0eaad287-58e1-492b-97ab-0956a8fe8dbc/left/bottom-side/lf_wheel_raw_2026-02-13_18-38-49_GQvGVqQvnYY.jpg,https://acv-labs-acv-one.acvauctions.com/image_raw/0eaad287-58e1-492b-97ab-0956a8fe8dbc/left/bottom-rear/lf_wheel_rear_raw_2026-02-13_18-38-54_j5KTpQ34HDg.jpg
177,,https://acv-labs-acv-one.acvauctions.com/image_raw/0eaad287-58e1-492b-97ab-0956a8fe8dbc/left/bottom-front/lr_wheel_front_raw_2026-02-13_18-38-51_MOBvH5WuwHE.jpg,https://acv-labs-acv-one.acvauctions.com/image_raw/0eaad287-58e1-492b-97ab-0956a8fe8dbc/left/bottom-side/lr_wheel_raw_2026-02-13_18-38-50_EJYUFx7baqg.jpg,https://acv-labs-acv-one.acvauctions.com/image_raw/0eaad287-58e1-492b-97ab-0956a8fe8dbc/left/bottom-rear/lr_wheel_rear_raw_2026-02-13_18-38-54_uFX9Dg_ssmQ.jpg
178,,https://acv-labs-acv-one.acvauctions.com/image_raw/0eaad287-58e1-492b-97ab-0956a8fe8dbc/right/bottom-front/rf_wheel_front_raw_2026-02-13_18-38-49_TZZ4oClosio.jpg,https://acv-labs-acv-one.acvauctions.com/image_raw/0eaad287-58e1-492b-97ab-0956a8fe8dbc/right/bottom-side/rf_wheel_raw_2026-02-13_18-38-52_p-3nqdyf4oI.jpg,https://acv-labs-acv-one.acvauctions.com/image_raw/0eaad287-58e1-492b-97ab-0956a8fe8dbc/right/bottom-rear/rf_wheel_rear_raw_2026-02-13_18-38-51_c9P6KAQEi7I.jpg
179,,https://acv-labs-acv-one.acvauctions.com/image_raw/0eaad287-58e1-492b-97ab-0956a8fe8dbc/right/bottom-front/rr_wheel_front_raw_2026-02-13_18-38-50_Y8sYBbZpo3s.jpg,https://acv-labs-acv-one.acvauctions.com/image_raw/0eaad287-58e1-492b-97ab-0956a8fe8dbc/right/bottom-side/rr_wheel_raw_2026-02-13_18-38-52_oX9cS2CMGmg.jpg,https://acv-labs-acv-one.acvauctions.com/image_raw/0eaad287-58e1-492b-97ab-0956a8fe8dbc/right/bottom-rear/rr_wheel_rear_raw_2026-02-13_18-38-52_MF5UbDqlmJ0.jpg
180,,https://acv-labs-acv-one.acvauctions.com/image_raw/94181993-7547-448b-a72c-5ebc58e71129/left/bottom-front/lf_wheel_front_raw_2026-02-09_16-45-13_nfLQvXqg9po.jpg,https://acv-labs-acv-one.acvauctions.com/image_raw/94181993-7547-448b-a72c-5ebc58e71129/left/bottom-side/lf_wheel_raw_2026-02-09_16-45-14_Lpvuisf-84U.jpg,https://acv-labs-acv-one.acvauctions.com/image_raw/94181993-7547-448b-a72c-5ebc58e71129/left/bottom-rear/lf_wheel_rear_raw_2026-02-09_16-45-12_TUykZOQCm0w.jpg
181,,https://acv-labs-acv-one.acvauctions.com/image_raw/94181993-7547-448b-a72c-5ebc58e71129/left/bottom-front/lr_wheel_front_raw_2026-02-09_16-45-14_yq7GN1spuyY.jpg,https://acv-labs-acv-one.acvauctions.com/image_raw/94181993-7547-448b-a72c-5ebc58e71129/left/bottom-side/lr_wheel_raw_2026-02-09_16-45-14_w3NmXOK2AGQ.jpg,https://acv-labs-acv-one.acvauctions.com/image_raw/94181993-7547-448b-a72c-5ebc58e71129/left/bottom-rear/lr_wheel_rear_raw_2026-02-09_16-45-12_eFPOQRPkjMg.jpg
182,,https://acv-labs-acv-one.acvauctions.com/image_raw/94181993-7547-448b-a72c-5ebc58e71129/right/bottom-front/rf_wheel_front_raw_2026-02-09_16-45-14_AoSfaI7X99c.jpg,https://acv-labs-acv-one.acvauctions.com/image_raw/94181993-7547-448b-a72c-5ebc58e71129/right/bottom-side/rf_wheel_raw_2026-02-09_16-45-17_PVz1uY3taZ0.jpg,https://acv-labs-acv-one.acvauctions.com/image_raw/94181993-7547-448b-a72c-5ebc58e71129/right/bottom-rear/rf_wheel_rear_raw_2026-02-09_16-45-14_RT_yoWgC9Xo.jpg
183,,https://acv-labs-acv-one.acvauctions.com/image_raw/94181993-7547-448b-a72c-5ebc58e71129/right/bottom-front/rr_wheel_front_raw_2026-02-09_16-45-15_oVd2b9THEfs.jpg,https://acv-labs-acv-one.acvauctions.com/image_raw/94181993-7547-448b-a72c-5ebc58e71129/right/bottom-side/rr_wheel_raw_2026-02-09_16-45-17_shI6B1kUIBQ.jpg,https://acv-labs-acv-one.acvauctions.com/image_raw/94181993-7547-448b-a72c-5ebc58e71129/right/bottom-rear/rr_wheel_rear_raw_2026-02-09_16-45-15_b--ZXk4p4eI.jpg
184,,https://acv-labs-acv-one.acvauctions.com/image_raw/cf881a7a-6d9a-45bd-9745-b9f4a658d8d3/left/bottom-front/lf_wheel_front_raw_2026-02-18_17-27-22_HiTiLgRSHh0.jpg,https://acv-labs-acv-one.acvauctions.com/image_raw/cf881a7a-6d9a-45bd-9745-b9f4a658d8d3/left/bottom-side/lf_wheel_raw_2026-02-18_17-27-24_ykT1rAsAYDI.jpg,https://acv-labs-acv-one.acvauctions.com/image_raw/cf881a7a-6d9a-45bd-9745-b9f4a658d8d3/left/bottom-rear/lf_wheel_rear_raw_2026-02-18_17-27-23_b1L8SuDUA9E.jpg
185,,https://acv-labs-acv-one.acvauctions.com/image_raw/cf881a7a-6d9a-45bd-9745-b9f4a658d8d3/left/bottom-front/lr_wheel_front_raw_2026-02-18_17-27-23_9jHSCfBqhK8.jpg,https://acv-labs-acv-one.acvauctions.com/image_raw/cf881a7a-6d9a-45bd-9745-b9f4a658d8d3/left/bottom-side/lr_wheel_raw_2026-02-18_17-27-24_pAf-okLE4zE.jpg,https://acv-labs-acv-one.acvauctions.com/image_raw/cf881a7a-6d9a-45bd-9745-b9f4a658d8d3/left/bottom-rear/lr_wheel_rear_raw_2026-02-18_17-27-23_UgkROui7tC0.jpg
186,,https://acv-labs-acv-one.acvauctions.com/image_raw/cf881a7a-6d9a-45bd-9745-b9f4a658d8d3/right/bottom-front/rf_wheel_front_raw_2026-02-18_17-26-21_hC5HNnSKDUw.jpg,https://acv-labs-acv-one.acvauctions.com/image_raw/cf881a7a-6d9a-45bd-9745-b9f4a658d8d3/right/bottom-side/rf_wheel_raw_2026-02-18_17-26-21_IStw_4k_mnY.jpg,https://acv-labs-acv-one.acvauctions.com/image_raw/cf881a7a-6d9a-45bd-9745-b9f4a658d8d3/right/bottom-rear/rf_wheel_rear_raw_2026-02-18_17-26-22_xSlUj4PRq-U.jpg
187,,https://acv-labs-acv-one.acvauctions.com/image_raw/cf881a7a-6d9a-45bd-9745-b9f4a658d8d3/right/bottom-front/rr_wheel_front_raw_2026-02-18_17-26-21_tTxPmjLYhkg.jpg,https://acv-labs-acv-one.acvauctions.com/image_raw/cf881a7a-6d9a-45bd-9745-b9f4a658d8d3/right/bottom-side/rr_wheel_raw_2026-02-18_17-26-21_emmzaKwxLDw.jpg,https://acv-labs-acv-one.acvauctions.com/image_raw/cf881a7a-6d9a-45bd-9745-b9f4a658d8d3/right/bottom-rear/rr_wheel_rear_raw_2026-02-18_17-26-23_W7hghvUWPZs.jpg
188,,https://acv-labs-acv-one.acvauctions.com/image_raw/16f958bf-8426-4927-9559-d187aa6f1e15/left/bottom-front/lf_wheel_front_raw_2026-02-16_20-52-07_oIVhNgdvzqE.jpg,https://acv-labs-acv-one.acvauctions.com/image_raw/16f958bf-8426-4927-9559-d187aa6f1e15/left/bottom-side/lf_wheel_raw_2026-02-16_20-52-07_C1NejxjpgDo.jpg,https://acv-labs-acv-one.acvauctions.com/image_raw/16f958bf-8426-4927-9559-d187aa6f1e15/left/bottom-rear/lf_wheel_rear_raw_2026-02-16_20-52-09_d5j6sxx5CQU.jpg
189,,https://acv-labs-acv-one.acvauctions.com/image_raw/16f958bf-8426-4927-9559-d187aa6f1e15/left/bottom-front/lr_wheel_front_raw_2026-02-16_20-52-07_o6198wgBqD0.jpg,https://acv-labs-acv-one.acvauctions.com/image_raw/16f958bf-8426-4927-9559-d187aa6f1e15/left/bottom-side/lr_wheel_raw_2026-02-16_20-52-07_Knf1-xW75aM.jpg,https://acv-labs-acv-one.acvauctions.com/image_raw/16f958bf-8426-4927-9559-d187aa6f1e15/left/bottom-rear/lr_wheel_rear_raw_2026-02-16_20-52-10_vD47YoqLXaU.jpg
190,,https://acv-labs-acv-one.acvauctions.com/image_raw/16f958bf-8426-4927-9559-d187aa6f1e15/right/bottom-front/rf_wheel_front_raw_2026-02-16_20-52-09_H1xjkHsM7ZA.jpg,https://acv-labs-acv-one.acvauctions.com/image_raw/16f958bf-8426-4927-9559-d187aa6f1e15/right/bottom-side/rf_wheel_raw_2026-02-16_20-52-12_s2smGdJu2XY.jpg,https://acv-labs-acv-one.acvauctions.com/image_raw/16f958bf-8426-4927-9559-d187aa6f1e15/right/bottom-rear/rf_wheel_rear_raw_2026-02-16_20-52-12_arOV_f3aTbY.jpg
191,,https://acv-labs-acv-one.acvauctions.com/image_raw/16f958bf-8426-4927-9559-d187aa6f1e15/right/bottom-front/rr_wheel_front_raw_2026-02-16_20-52-09_Gdjj5YGqZBo.jpg,https://acv-labs-acv-one.acvauctions.com/image_raw/16f958bf-8426-4927-9559-d187aa6f1e15/right/bottom-side/rr_wheel_raw_2026-02-16_20-52-12_fPYJIIzzqtE.jpg,https://acv-labs-acv-one.acvauctions.com/image_raw/16f958bf-8426-4927-9559-d187aa6f1e15/right/bottom-rear/rr_wheel_rear_raw_2026-02-16_20-52-12_6rB14S0QCDA.jpg
192,,https://acv-labs-acv-one.acvauctions.com/image_raw/920a774a-b278-4539-b1d7-db24f62fa76b/left/bottom-front/lf_wheel_front_raw_2026-02-03_17-33-36_gdaDn7gt2ao.jpg,https://acv-labs-acv-one.acvauctions.com/image_raw/920a774a-b278-4539-b1d7-db24f62fa76b/left/bottom-side/lf_wheel_raw_2026-02-03_17-33-41_EJ8-eqPs9EA.jpg,https://acv-labs-acv-one.acvauctions.com/image_raw/920a774a-b278-4539-b1d7-db24f62fa76b/left/bottom-rear/lf_wheel_rear_raw_2026-02-03_17-33-37_wI637lylv3U.jpg
193,,https://acv-labs-acv-one.acvauctions.com/image_raw/920a774a-b278-4539-b1d7-db24f62fa76b/left/bottom-front/lr_wheel_front_raw_2026-02-03_17-33-37_ojyr3_ALch0.jpg,https://acv-labs-acv-one.acvauctions.com/image_raw/920a774a-b278-4539-b1d7-db24f62fa76b/left/bottom-side/lr_wheel_raw_2026-02-03_17-33-42_EJAcqTWsUgc.jpg,https://acv-labs-acv-one.acvauctions.com/image_raw/920a774a-b278-4539-b1d7-db24f62fa76b/left/bottom-rear/lr_wheel_rear_raw_2026-02-03_17-33-37_ca_b9Y78jlU.jpg
194,,https://acv-labs-acv-one.acvauctions.com/image_raw/920a774a-b278-4539-b1d7-db24f62fa76b/right/bottom-front/rf_wheel_front_raw_2026-02-03_17-33-36_1Dvgl8B94Fs.jpg,https://acv-labs-acv-one.acvauctions.com/image_raw/920a774a-b278-4539-b1d7-db24f62fa76b/right/bottom-side/rf_wheel_raw_2026-02-03_17-33-37_bU7mZIX5I2U.jpg,https://acv-labs-acv-one.acvauctions.com/image_raw/920a774a-b278-4539-b1d7-db24f62fa76b/right/bottom-rear/rf_wheel_rear_raw_2026-02-03_17-33-36_RJYOyTd3BzI.jpg
195,,https://acv-labs-acv-one.acvauctions.com/image_raw/920a774a-b278-4539-b1d7-db24f62fa76b/right/bottom-front/rr_wheel_front_raw_2026-02-03_17-33-37_nYKBhJOmqNo.jpg,https://acv-labs-acv-one.acvauctions.com/image_raw/920a774a-b278-4539-b1d7-db24f62fa76b/right/bottom-side/rr_wheel_raw_2026-02-03_17-33-38_ivZ5wUbOEnI.jpg,https://acv-labs-acv-one.acvauctions.com/image_raw/920a774a-b278-4539-b1d7-db24f62fa76b/right/bottom-rear/rr_wheel_rear_raw_2026-02-03_17-33-36_UkT05S9At2w.jpg
196,,https://acv-labs-acv-one.acvauctions.com/image_raw/58c48a08-6653-45fa-93e2-f9830d3c6a08/left/bottom-front/lf_wheel_front_raw_2026-02-09_17-05-46_SNoAmAkUvbk.jpg,https://acv-labs-acv-one.acvauctions.com/image_raw/58c48a08-6653-45fa-93e2-f9830d3c6a08/left/bottom-side/lf_wheel_raw_2026-02-09_17-05-47_AJbrI8BqSbo.jpg,https://acv-labs-acv-one.acvauctions.com/image_raw/58c48a08-6653-45fa-93e2-f9830d3c6a08/left/bottom-rear/lf_wheel_rear_raw_2026-02-09_17-05-46_kj8wbe1XuTY.jpg
197,,https://acv-labs-acv-one.acvauctions.com/image_raw/58c48a08-6653-45fa-93e2-f9830d3c6a08/left/bottom-front/lr_wheel_front_raw_2026-02-09_17-05-47_kwwphyLtpZU.jpg,https://acv-labs-acv-one.acvauctions.com/image_raw/58c48a08-6653-45fa-93e2-f9830d3c6a08/left/bottom-side/lr_wheel_raw_2026-02-09_17-05-47_2NGG3GuAG-E.jpg,https://acv-labs-acv-one.acvauctions.com/image_raw/58c48a08-6653-45fa-93e2-f9830d3c6a08/left/bottom-rear/lr_wheel_rear_raw_2026-02-09_17-05-46_0bxEpK997cw.jpg
198,,https://acv-labs-acv-one.acvauctions.com/image_raw/58c48a08-6653-45fa-93e2-f9830d3c6a08/right/bottom-front/rf_wheel_front_raw_2026-02-09_17-05-55_kgpipKI_9-Y.jpg,https://acv-labs-acv-one.acvauctions.com/image_raw/58c48a08-6653-45fa-93e2-f9830d3c6a08/right/bottom-side/rf_wheel_raw_2026-02-09_17-05-48_UHNy_LxV2SY.jpg,https://acv-labs-acv-one.acvauctions.com/image_raw/58c48a08-6653-45fa-93e2-f9830d3c6a08/right/bottom-rear/rf_wheel_rear_raw_2026-02-09_17-05-52_5Ao5ZJtMYnc.jpg
199,,https://acv-labs-acv-one.acvauctions.com/image_raw/58c48a08-6653-45fa-93e2-f9830d3c6a08/right/bottom-front/rr_wheel_front_raw_2026-02-09_17-05-55_L9KW-x0uj7A.jpg,https://acv-labs-acv-one.acvauctions.com/image_raw/58c48a08-6653-45fa-93e2-f9830d3c6a08/right/bottom-side/rr_wheel_raw_2026-02-09_17-05-48_H-ci-py8yJ0.jpg,https://acv-labs-acv-one.acvauctions.com/image_raw/58c48a08-6653-45fa-93e2-f9830d3c6a08/right/bottom-rear/rr_wheel_rear_raw_2026-02-09_17-05-53_RF3CqlwR7Nw.jpg
200,,https://acv-labs-acv-one.acvauctions.com/image_raw/7d83bb03-0f23-4a31-a0c2-6fb5fa74eeb7/left/bottom-front/lf_wheel_front_raw_2026-02-09_21-31-10_cjQtW0UpsUE.jpg,https://acv-labs-acv-one.acvauctions.com/image_raw/7d83bb03-0f23-4a31-a0c2-6fb5fa74eeb7/left/bottom-side/lf_wheel_raw_2026-02-09_21-31-08_uVgS6-k9tEI.jpg,https://acv-labs-acv-one.acvauctions.com/image_raw/7d83bb03-0f23-4a31-a0c2-6fb5fa74eeb7/left/bottom-rear/lf_wheel_rear_raw_2026-02-09_21-31-08_KHLZB2fvpnE.jpg
201,,https://acv-labs-acv-one.acvauctions.com/image_raw/7d83bb03-0f23-4a31-a0c2-6fb5fa74eeb7/left/bottom-front/lr_wheel_front_raw_2026-02-09_21-31-10_FRYvqj3pL-0.jpg,https://acv-labs-acv-one.acvauctions.com/image_raw/7d83bb03-0f23-4a31-a0c2-6fb5fa74eeb7/left/bottom-side/lr_wheel_raw_2026-02-09_21-31-08_6GwLobq5Sdg.jpg,https://acv-labs-acv-one.acvauctions.com/image_raw/7d83bb03-0f23-4a31-a0c2-6fb5fa74eeb7/left/bottom-rear/lr_wheel_rear_raw_2026-02-09_21-31-09_VTuW5IG4ers.jpg
202,,https://acv-labs-acv-one.acvauctions.com/image_raw/7d83bb03-0f23-4a31-a0c2-6fb5fa74eeb7/right/bottom-front/rf_wheel_front_raw_2026-02-09_21-31-03_wgxOIye8nQk.jpg,https://acv-labs-acv-one.acvauctions.com/image_raw/7d83bb03-0f23-4a31-a0c2-6fb5fa74eeb7/right/bottom-side/rf_wheel_raw_2026-02-09_21-31-06_3MmI3H0fESI.jpg,https://acv-labs-acv-one.acvauctions.com/image_raw/7d83bb03-0f23-4a31-a0c2-6fb5fa74eeb7/right/bottom-rear/rf_wheel_rear_raw_2026-02-09_21-31-04_XeHZSrquQ-U.jpg
203,,https://acv-labs-acv-one.acvauctions.com/image_raw/7d83bb03-0f23-4a31-a0c2-6fb5fa74eeb7/right/bottom-front/rr_wheel_front_raw_2026-02-09_21-31-04__ZkARl24w6A.jpg,https://acv-labs-acv-one.acvauctions.com/image_raw/7d83bb03-0f23-4a31-a0c2-6fb5fa74eeb7/right/bottom-side/rr_wheel_raw_2026-02-09_21-31-06_mQS_wWIIiIE.jpg,https://acv-labs-acv-one.acvauctions.com/image_raw/7d83bb03-0f23-4a31-a0c2-6fb5fa74eeb7/right/bottom-rear/rr_wheel_rear_raw_2026-02-09_21-31-05_FH9EMXxVSYc.jpg
204,,https://acv-labs-acv-one.acvauctions.com/image_raw/eff1dfb2-4cb5-4e80-b935-25707fe17546/left/bottom-front/lf_wheel_front_raw_2026-02-09_19-55-15_Qm2-Xu8bhA8.jpg,https://acv-labs-acv-one.acvauctions.com/image_raw/eff1dfb2-4cb5-4e80-b935-25707fe17546/left/bottom-side/lf_wheel_raw_2026-02-09_19-55-14_7Wje2BeMaDM.jpg,https://acv-labs-acv-one.acvauctions.com/image_raw/eff1dfb2-4cb5-4e80-b935-25707fe17546/left/bottom-rear/lf_wheel_rear_raw_2026-02-09_19-55-13_NeHkDdwOVgo.jpg
205,,https://acv-labs-acv-one.acvauctions.com/image_raw/eff1dfb2-4cb5-4e80-b935-25707fe17546/left/bottom-front/lr_wheel_front_raw_2026-02-09_19-55-15_OCNpgTdkg9s.jpg,https://acv-labs-acv-one.acvauctions.com/image_raw/eff1dfb2-4cb5-4e80-b935-25707fe17546/left/bottom-side/lr_wheel_raw_2026-02-09_19-55-14_1_MuYnDfrmM.jpg,https://acv-labs-acv-one.acvauctions.com/image_raw/eff1dfb2-4cb5-4e80-b935-25707fe17546/left/bottom-rear/lr_wheel_rear_raw_2026-02-09_19-55-13_3hCEgctrk6g.jpg
206,,https://acv-labs-acv-one.acvauctions.com/image_raw/eff1dfb2-4cb5-4e80-b935-25707fe17546/right/bottom-front/rf_wheel_front_raw_2026-02-09_19-55-13_7ELnNXXAMd0.jpg,https://acv-labs-acv-one.acvauctions.com/image_raw/eff1dfb2-4cb5-4e80-b935-25707fe17546/right/bottom-side/rf_wheel_raw_2026-02-09_19-55-14_u7i4z5kDFKQ.jpg,https://acv-labs-acv-one.acvauctions.com/image_raw/eff1dfb2-4cb5-4e80-b935-25707fe17546/right/bottom-rear/rf_wheel_rear_raw_2026-02-09_19-55-17_NQKkN1PtPfo.jpg
207,,https://acv-labs-acv-one.acvauctions.com/image_raw/eff1dfb2-4cb5-4e80-b935-25707fe17546/right/bottom-front/rr_wheel_front_raw_2026-02-09_19-55-13_1IR809l5iVs.jpg,https://acv-labs-acv-one.acvauctions.com/image_raw/eff1dfb2-4cb5-4e80-b935-25707fe17546/right/bottom-side/rr_wheel_raw_2026-02-09_19-55-14_Wu6NcjMl9Ek.jpg,https://acv-labs-acv-one.acvauctions.com/image_raw/eff1dfb2-4cb5-4e80-b935-25707fe17546/right/bottom-rear/rr_wheel_rear_raw_2026-02-09_19-55-17_jjzMWdSLHBg.jpg
208,,https://acv-labs-acv-one.acvauctions.com/image_raw/8d3e58cf-fbaf-4a30-80c5-07401fb81c95/left/bottom-front/lf_wheel_front_raw_2026-02-09_20-11-21_9nNxUk35V_w.jpg,https://acv-labs-acv-one.acvauctions.com/image_raw/8d3e58cf-fbaf-4a30-80c5-07401fb81c95/left/bottom-side/lf_wheel_raw_2026-02-09_20-11-19_Z7aiAJ7kocE.jpg,https://acv-labs-acv-one.acvauctions.com/image_raw/8d3e58cf-fbaf-4a30-80c5-07401fb81c95/left/bottom-rear/lf_wheel_rear_raw_2026-02-09_20-11-17_LC32x14JXWE.jpg
209,,https://acv-labs-acv-one.acvauctions.com/image_raw/8d3e58cf-fbaf-4a30-80c5-07401fb81c95/left/bottom-front/lr_wheel_front_raw_2026-02-09_20-11-21_TYvw1xyC4aI.jpg,https://acv-labs-acv-one.acvauctions.com/image_raw/8d3e58cf-fbaf-4a30-80c5-07401fb81c95/left/bottom-side/lr_wheel_raw_2026-02-09_20-11-19_INtDNyuOzzA.jpg,https://acv-labs-acv-one.acvauctions.com/image_raw/8d3e58cf-fbaf-4a30-80c5-07401fb81c95/left/bottom-rear/lr_wheel_rear_raw_2026-02-09_20-11-17_jLV_-qiUvPo.jpg
210,,https://acv-labs-acv-one.acvauctions.com/image_raw/8d3e58cf-fbaf-4a30-80c5-07401fb81c95/right/bottom-front/rf_wheel_front_raw_2026-02-09_20-11-18_VEzfI4lLUtA.jpg,https://acv-labs-acv-one.acvauctions.com/image_raw/8d3e58cf-fbaf-4a30-80c5-07401fb81c95/right/bottom-side/rf_wheel_raw_2026-02-09_20-11-18_C7k9vNFbx20.jpg,https://acv-labs-acv-one.acvauctions.com/image_raw/8d3e58cf-fbaf-4a30-80c5-07401fb81c95/right/bottom-rear/rf_wheel_rear_raw_2026-02-09_20-11-18_myAmm61n9lQ.jpg
211,,https://acv-labs-acv-one.acvauctions.com/image_raw/8d3e58cf-fbaf-4a30-80c5-07401fb81c95/right/bottom-front/rr_wheel_front_raw_2026-02-09_20-11-18_4h6_MLUY6i8.jpg,https://acv-labs-acv-one.acvauctions.com/image_raw/8d3e58cf-fbaf-4a30-80c5-07401fb81c95/right/bottom-side/rr_wheel_raw_2026-02-09_20-11-19_obr5jy_I-CQ.jpg,https://acv-labs-acv-one.acvauctions.com/image_raw/8d3e58cf-fbaf-4a30-80c5-07401fb81c95/right/bottom-rear/rr_wheel_rear_raw_2026-02-09_20-11-19_mUnpfGMcni0.jpg
212,,https://acv-labs-acv-one.acvauctions.com/image_raw/5ce62b50-b87b-42ef-b476-95bf5d47bb8e/left/bottom-front/lf_wheel_front_raw_2026-02-16_23-49-00_trKpWbg-yc4.jpg,https://acv-labs-acv-one.acvauctions.com/image_raw/5ce62b50-b87b-42ef-b476-95bf5d47bb8e/left/bottom-side/lf_wheel_raw_2026-02-16_23-49-00_j4-1m-K5WQI.jpg,https://acv-labs-acv-one.acvauctions.com/image_raw/5ce62b50-b87b-42ef-b476-95bf5d47bb8e/left/bottom-rear/lf_wheel_rear_raw_2026-02-16_23-49-03_FypcvK4H1dk.jpg
213,,https://acv-labs-acv-one.acvauctions.com/image_raw/5ce62b50-b87b-42ef-b476-95bf5d47bb8e/left/bottom-front/lr_wheel_front_raw_2026-02-16_23-49-01_hV4RSwZ05Ag.jpg,https://acv-labs-acv-one.acvauctions.com/image_raw/5ce62b50-b87b-42ef-b476-95bf5d47bb8e/left/bottom-side/lr_wheel_raw_2026-02-16_23-49-01_nQkhMeg-vx8.jpg,https://acv-labs-acv-one.acvauctions.com/image_raw/5ce62b50-b87b-42ef-b476-95bf5d47bb8e/left/bottom-rear/lr_wheel_rear_raw_2026-02-16_23-49-03_bTTTvdeU0to.jpg
214,,https://acv-labs-acv-one.acvauctions.com/image_raw/5ce62b50-b87b-42ef-b476-95bf5d47bb8e/right/bottom-front/rf_wheel_front_raw_2026-02-16_23-49-01_NqGspB2KPR0.jpg,https://acv-labs-acv-one.acvauctions.com/image_raw/5ce62b50-b87b-42ef-b476-95bf5d47bb8e/right/bottom-side/rf_wheel_raw_2026-02-16_23-49-02_ZDZqKBRENRw.jpg,https://acv-labs-acv-one.acvauctions.com/image_raw/5ce62b50-b87b-42ef-b476-95bf5d47bb8e/right/bottom-rear/rf_wheel_rear_raw_2026-02-16_23-49-02_J_Z2jmUMy68.jpg
215,,https://acv-labs-acv-one.acvauctions.com/image_raw/5ce62b50-b87b-42ef-b476-95bf5d47bb8e/right/bottom-front/rr_wheel_front_raw_2026-02-16_23-49-02_Vpci5z7aw6Q.jpg,https://acv-labs-acv-one.acvauctions.com/image_raw/5ce62b50-b87b-42ef-b476-95bf5d47bb8e/right/bottom-side/rr_wheel_raw_2026-02-16_23-49-02_k4oAKTCu_T8.jpg,https://acv-labs-acv-one.acvauctions.com/image_raw/5ce62b50-b87b-42ef-b476-95bf5d47bb8e/right/bottom-rear/rr_wheel_rear_raw_2026-02-16_23-49-03_US7OSdctObs.jpg
216,,https://acv-labs-acv-one.acvauctions.com/image_raw/565351af-0fa6-455d-bcf3-7f5ce01d5f2d/left/bottom-front/lf_wheel_front_raw_2026-02-16_22-00-14_V2Sf7rf-D24.jpg,https://acv-labs-acv-one.acvauctions.com/image_raw/565351af-0fa6-455d-bcf3-7f5ce01d5f2d/left/bottom-side/lf_wheel_raw_2026-02-16_22-00-18_Bq9P_0nS2Sg.jpg,https://acv-labs-acv-one.acvauctions.com/image_raw/565351af-0fa6-455d-bcf3-7f5ce01d5f2d/left/bottom-rear/lf_wheel_rear_raw_2026-02-16_22-00-14_auEvSOBmsZs.jpg
217,,https://acv-labs-acv-one.acvauctions.com/image_raw/565351af-0fa6-455d-bcf3-7f5ce01d5f2d/left/bottom-front/lr_wheel_front_raw_2026-02-16_22-00-15_sSGClcLOYI0.jpg,https://acv-labs-acv-one.acvauctions.com/image_raw/565351af-0fa6-455d-bcf3-7f5ce01d5f2d/left/bottom-side/lr_wheel_raw_2026-02-16_22-00-18_FtrGeJ9mP-Y.jpg,https://acv-labs-acv-one.acvauctions.com/image_raw/565351af-0fa6-455d-bcf3-7f5ce01d5f2d/left/bottom-rear/lr_wheel_rear_raw_2026-02-16_22-00-15_j_wTnh3b1qA.jpg
218,,https://acv-labs-acv-one.acvauctions.com/image_raw/565351af-0fa6-455d-bcf3-7f5ce01d5f2d/right/bottom-front/rf_wheel_front_raw_2026-02-16_22-00-15_c3HNkE-r3Ro.jpg,https://acv-labs-acv-one.acvauctions.com/image_raw/565351af-0fa6-455d-bcf3-7f5ce01d5f2d/right/bottom-side/rf_wheel_raw_2026-02-16_22-00-12_wag8tQ3fEM4.jpg,https://acv-labs-acv-one.acvauctions.com/image_raw/565351af-0fa6-455d-bcf3-7f5ce01d5f2d/right/bottom-rear/rf_wheel_rear_raw_2026-02-16_22-00-17_HbXnwrZu_YY.jpg
219,,https://acv-labs-acv-one.acvauctions.com/image_raw/565351af-0fa6-455d-bcf3-7f5ce01d5f2d/right/bottom-front/rr_wheel_front_raw_2026-02-16_22-00-15_gSOVtNO9-q8.jpg,https://acv-labs-acv-one.acvauctions.com/image_raw/565351af-0fa6-455d-bcf3-7f5ce01d5f2d/right/bottom-side/rr_wheel_raw_2026-02-16_22-00-13_kGAamjmz0iA.jpg,https://acv-labs-acv-one.acvauctions.com/image_raw/565351af-0fa6-455d-bcf3-7f5ce01d5f2d/right/bottom-rear/rr_wheel_rear_raw_2026-02-16_22-00-17_RDD3OV2z2To.jpg
220,,https://acv-labs-acv-one.acvauctions.com/image_raw/e4630e4d-f179-4b4a-9448-6cca23690db4/left/bottom-front/lf_wheel_front_raw_2026-02-24_17-07-56_dBvApV5mwBs.jpg,https://acv-labs-acv-one.acvauctions.com/image_raw/e4630e4d-f179-4b4a-9448-6cca23690db4/left/bottom-side/lf_wheel_raw_2026-02-24_17-07-56_iL-UBDsYCV0.jpg,https://acv-labs-acv-one.acvauctions.com/image_raw/e4630e4d-f179-4b4a-9448-6cca23690db4/left/bottom-rear/lf_wheel_rear_raw_2026-02-24_17-07-57_BxVUC0x3eEQ.jpg
221,,https://acv-labs-acv-one.acvauctions.com/image_raw/e4630e4d-f179-4b4a-9448-6cca23690db4/left/bottom-front/lr_wheel_front_raw_2026-02-24_17-07-56_j7JVC70-3eo.jpg,https://acv-labs-acv-one.acvauctions.com/image_raw/e4630e4d-f179-4b4a-9448-6cca23690db4/left/bottom-side/lr_wheel_raw_2026-02-24_17-07-56_sEIuD2DYw8A.jpg,https://acv-labs-acv-one.acvauctions.com/image_raw/e4630e4d-f179-4b4a-9448-6cca23690db4/left/bottom-rear/lr_wheel_rear_raw_2026-02-24_17-07-58_sVhb5c28F2o.jpg
222,,https://acv-labs-acv-one.acvauctions.com/image_raw/e4630e4d-f179-4b4a-9448-6cca23690db4/right/bottom-front/rf_wheel_front_raw_2026-02-24_17-07-58_wJ2e4V3tdBI.jpg,https://acv-labs-acv-one.acvauctions.com/image_raw/e4630e4d-f179-4b4a-9448-6cca23690db4/right/bottom-side/rf_wheel_raw_2026-02-24_17-07-58_2pnM6spZvoI.jpg,https://acv-labs-acv-one.acvauctions.com/image_raw/e4630e4d-f179-4b4a-9448-6cca23690db4/right/bottom-rear/rf_wheel_rear_raw_2026-02-24_17-07-58_UiK8LdqGYjI.jpg
223,,https://acv-labs-acv-one.acvauctions.com/image_raw/e4630e4d-f179-4b4a-9448-6cca23690db4/right/bottom-front/rr_wheel_front_raw_2026-02-24_17-07-58_ca_z3syHLak.jpg,https://acv-labs-acv-one.acvauctions.com/image_raw/e4630e4d-f179-4b4a-9448-6cca23690db4/right/bottom-side/rr_wheel_raw_2026-02-24_17-07-58_6JszLBne5ts.jpg,https://acv-labs-acv-one.acvauctions.com/image_raw/e4630e4d-f179-4b4a-9448-6cca23690db4/right/bottom-rear/rr_wheel_rear_raw_2026-02-24_17-07-59_vrztm8fQeNU.jpg
224,,https://acv-labs-acv-one.acvauctions.com/image_raw/412b9ac1-3352-42e3-8443-1372e9dd4f5d/left/bottom-front/lf_wheel_front_raw_2026-02-12_18-04-37_c9nqgTIgF94.jpg,https://acv-labs-acv-one.acvauctions.com/image_raw/412b9ac1-3352-42e3-8443-1372e9dd4f5d/left/bottom-side/lf_wheel_raw_2026-02-12_18-04-33_R6KWZDj54QQ.jpg,https://acv-labs-acv-one.acvauctions.com/image_raw/412b9ac1-3352-42e3-8443-1372e9dd4f5d/left/bottom-rear/lf_wheel_rear_raw_2026-02-12_18-04-37_9vpBDADMDao.jpg
225,,https://acv-labs-acv-one.acvauctions.com/image_raw/412b9ac1-3352-42e3-8443-1372e9dd4f5d/left/bottom-front/lr_wheel_front_raw_2026-02-12_18-04-38_fBr3UgzPVoE.jpg,https://acv-labs-acv-one.acvauctions.com/image_raw/412b9ac1-3352-42e3-8443-1372e9dd4f5d/left/bottom-side/lr_wheel_raw_2026-02-12_18-04-33_Opq7XHXFHZc.jpg,https://acv-labs-acv-one.acvauctions.com/image_raw/412b9ac1-3352-42e3-8443-1372e9dd4f5d/left/bottom-rear/lr_wheel_rear_raw_2026-02-12_18-04-38_cGS792pplog.jpg
226,,https://acv-labs-acv-one.acvauctions.com/image_raw/412b9ac1-3352-42e3-8443-1372e9dd4f5d/right/bottom-front/rf_wheel_front_raw_2026-02-12_18-04-33_nds0YOElSe4.jpg,https://acv-labs-acv-one.acvauctions.com/image_raw/412b9ac1-3352-42e3-8443-1372e9dd4f5d/right/bottom-side/rf_wheel_raw_2026-02-12_18-04-34_agIPq7qbdvg.jpg,https://acv-labs-acv-one.acvauctions.com/image_raw/412b9ac1-3352-42e3-8443-1372e9dd4f5d/right/bottom-rear/rf_wheel_rear_raw_2026-02-12_18-04-40_LcIgnzUOiwM.jpg
227,,https://acv-labs-acv-one.acvauctions.com/image_raw/412b9ac1-3352-42e3-8443-1372e9dd4f5d/right/bottom-front/rr_wheel_front_raw_2026-02-12_18-04-34_keBo1UhDDn8.jpg,https://acv-labs-acv-one.acvauctions.com/image_raw/412b9ac1-3352-42e3-8443-1372e9dd4f5d/right/bottom-side/rr_wheel_raw_2026-02-12_18-04-34_dOe0DyetI6Y.jpg,https://acv-labs-acv-one.acvauctions.com/image_raw/412b9ac1-3352-42e3-8443-1372e9dd4f5d/right/bottom-rear/rr_wheel_rear_raw_2026-02-12_18-04-40_FG84Lg8sHUM.jpg
228,,https://acv-labs-acv-one.acvauctions.com/image_raw/5cfc6d05-7a0b-4550-a463-a49e5f3e5e64/left/bottom-front/lf_wheel_front_raw_2026-02-09_23-18-20_reKweyfKne8.jpg,https://acv-labs-acv-one.acvauctions.com/image_raw/5cfc6d05-7a0b-4550-a463-a49e5f3e5e64/left/bottom-side/lf_wheel_raw_2026-02-09_23-18-20_e5svSOlJ9K0.jpg,https://acv-labs-acv-one.acvauctions.com/image_raw/5cfc6d05-7a0b-4550-a463-a49e5f3e5e64/left/bottom-rear/lf_wheel_rear_raw_2026-02-09_23-18-25_n7KH0KjWPGs.jpg
229,,https://acv-labs-acv-one.acvauctions.com/image_raw/5cfc6d05-7a0b-4550-a463-a49e5f3e5e64/left/bottom-front/lr_wheel_front_raw_2026-02-09_23-18-20_Vel0LzZOLso.jpg,https://acv-labs-acv-one.acvauctions.com/image_raw/5cfc6d05-7a0b-4550-a463-a49e5f3e5e64/left/bottom-side/lr_wheel_raw_2026-02-09_23-18-21_zGXZTTSwPVA.jpg,https://acv-labs-acv-one.acvauctions.com/image_raw/5cfc6d05-7a0b-4550-a463-a49e5f3e5e64/left/bottom-rear/lr_wheel_rear_raw_2026-02-09_23-18-25_wRG_YHL6dvg.jpg
230,,https://acv-labs-acv-one.acvauctions.com/image_raw/5cfc6d05-7a0b-4550-a463-a49e5f3e5e64/right/bottom-front/rf_wheel_front_raw_2026-02-09_23-18-20_jwkix7TrhSs.jpg,https://acv-labs-acv-one.acvauctions.com/image_raw/5cfc6d05-7a0b-4550-a463-a49e5f3e5e64/right/bottom-side/rf_wheel_raw_2026-02-09_23-18-21_HZpcI0PqvlA.jpg,https://acv-labs-acv-one.acvauctions.com/image_raw/5cfc6d05-7a0b-4550-a463-a49e5f3e5e64/right/bottom-rear/rf_wheel_rear_raw_2026-02-09_23-18-28_5hoAX-SNBp0.jpg
231,,https://acv-labs-acv-one.acvauctions.com/image_raw/5cfc6d05-7a0b-4550-a463-a49e5f3e5e64/right/bottom-front/rr_wheel_front_raw_2026-02-09_23-18-21_IZp7ZdYYvd8.jpg,https://acv-labs-acv-one.acvauctions.com/image_raw/5cfc6d05-7a0b-4550-a463-a49e5f3e5e64/right/bottom-side/rr_wheel_raw_2026-02-09_23-18-22_NAFxCWSP_UI.jpg,https://acv-labs-acv-one.acvauctions.com/image_raw/5cfc6d05-7a0b-4550-a463-a49e5f3e5e64/right/bottom-rear/rr_wheel_rear_raw_2026-02-09_23-18-28_y_PGlpj6oH8.jpg
232,,https://acv-labs-acv-one.acvauctions.com/image_raw/4adcf133-dc46-4dcb-bc6f-e1a325fbfb11/left/bottom-front/lf_wheel_front_raw_2026-02-24_15-18-03_zX7B6o979M0.jpg,https://acv-labs-acv-one.acvauctions.com/image_raw/4adcf133-dc46-4dcb-bc6f-e1a325fbfb11/left/bottom-side/lf_wheel_raw_2026-02-24_15-18-06_pdx6xr2VN2E.jpg,https://acv-labs-acv-one.acvauctions.com/image_raw/4adcf133-dc46-4dcb-bc6f-e1a325fbfb11/left/bottom-rear/lf_wheel_rear_raw_2026-02-24_15-18-04_-5yAnGsnFoc.jpg
233,,https://acv-labs-acv-one.acvauctions.com/image_raw/4adcf133-dc46-4dcb-bc6f-e1a325fbfb11/left/bottom-front/lr_wheel_front_raw_2026-02-24_15-18-04_rRDkbBEnI14.jpg,https://acv-labs-acv-one.acvauctions.com/image_raw/4adcf133-dc46-4dcb-bc6f-e1a325fbfb11/left/bottom-side/lr_wheel_raw_2026-02-24_15-18-07_fm0BmFSfGdQ.jpg,https://acv-labs-acv-one.acvauctions.com/image_raw/4adcf133-dc46-4dcb-bc6f-e1a325fbfb11/left/bottom-rear/lr_wheel_rear_raw_2026-02-24_15-18-04_zt1aGhT5dyE.jpg
234,,https://acv-labs-acv-one.acvauctions.com/image_raw/4adcf133-dc46-4dcb-bc6f-e1a325fbfb11/right/bottom-front/rf_wheel_front_raw_2026-02-24_15-18-04_fzw6tYbwqLg.jpg,https://acv-labs-acv-one.acvauctions.com/image_raw/4adcf133-dc46-4dcb-bc6f-e1a325fbfb11/right/bottom-side/rf_wheel_raw_2026-02-24_15-18-09_Zau4p67kIaI.jpg,https://acv-labs-acv-one.acvauctions.com/image_raw/4adcf133-dc46-4dcb-bc6f-e1a325fbfb11/right/bottom-rear/rf_wheel_rear_raw_2026-02-24_15-18-05_6S2j78SlslY.jpg
235,,https://acv-labs-acv-one.acvauctions.com/image_raw/4adcf133-dc46-4dcb-bc6f-e1a325fbfb11/right/bottom-front/rr_wheel_front_raw_2026-02-24_15-18-04_uXDqnfxD0B0.jpg,https://acv-labs-acv-one.acvauctions.com/image_raw/4adcf133-dc46-4dcb-bc6f-e1a325fbfb11/right/bottom-side/rr_wheel_raw_2026-02-24_15-18-10_Wxrd7kp-7tU.jpg,https://acv-labs-acv-one.acvauctions.com/image_raw/4adcf133-dc46-4dcb-bc6f-e1a325fbfb11/right/bottom-rear/rr_wheel_rear_raw_2026-02-24_15-18-05_T7uNzpw1qGQ.jpg
236,,https://acv-labs-acv-one.acvauctions.com/image_raw/c72029cc-e299-49a7-ad2a-efa00bd17196/left/bottom-front/lf_wheel_front_raw_2026-02-17_14-41-56_wV4Abb4kJu0.jpg,https://acv-labs-acv-one.acvauctions.com/image_raw/c72029cc-e299-49a7-ad2a-efa00bd17196/left/bottom-side/lf_wheel_raw_2026-02-17_14-41-57_tkS_F_rMb1A.jpg,https://acv-labs-acv-one.acvauctions.com/image_raw/c72029cc-e299-49a7-ad2a-efa00bd17196/left/bottom-rear/lf_wheel_rear_raw_2026-02-17_14-41-55_DzTYYYQOhrM.jpg
237,,https://acv-labs-acv-one.acvauctions.com/image_raw/c72029cc-e299-49a7-ad2a-efa00bd17196/left/bottom-front/lr_wheel_front_raw_2026-02-17_14-41-57_wVaxJtj5Kgo.jpg,https://acv-labs-acv-one.acvauctions.com/image_raw/c72029cc-e299-49a7-ad2a-efa00bd17196/left/bottom-side/lr_wheel_raw_2026-02-17_14-41-57_X0p8oaeQzhM.jpg,https://acv-labs-acv-one.acvauctions.com/image_raw/c72029cc-e299-49a7-ad2a-efa00bd17196/left/bottom-rear/lr_wheel_rear_raw_2026-02-17_14-41-55_olT405PSkM4.jpg
238,,https://acv-labs-acv-one.acvauctions.com/image_raw/c72029cc-e299-49a7-ad2a-efa00bd17196/right/bottom-front/rf_wheel_front_raw_2026-02-17_14-41-52_7r71wwID7eY.jpg,https://acv-labs-acv-one.acvauctions.com/image_raw/c72029cc-e299-49a7-ad2a-efa00bd17196/right/bottom-side/rf_wheel_raw_2026-02-17_14-41-54_7paSnBBXPB0.jpg,https://acv-labs-acv-one.acvauctions.com/image_raw/c72029cc-e299-49a7-ad2a-efa00bd17196/right/bottom-rear/rf_wheel_rear_raw_2026-02-17_14-41-54_ulyU-08_qyg.jpg
239,,https://acv-labs-acv-one.acvauctions.com/image_raw/c72029cc-e299-49a7-ad2a-efa00bd17196/right/bottom-front/rr_wheel_front_raw_2026-02-17_14-41-52_4Zwr9geSBrY.jpg,https://acv-labs-acv-one.acvauctions.com/image_raw/c72029cc-e299-49a7-ad2a-efa00bd17196/right/bottom-side/rr_wheel_raw_2026-02-17_14-41-54_2pYt25Vnb_g.jpg,https://acv-labs-acv-one.acvauctions.com/image_raw/c72029cc-e299-49a7-ad2a-efa00bd17196/right/bottom-rear/rr_wheel_rear_raw_2026-02-17_14-41-54_dbeQCHWeUE4.jpg
240,,https://acv-labs-acv-one.acvauctions.com/image_raw/ba97badd-a9e4-41f7-b55f-058b270ad4c2/left/bottom-front/lf_wheel_front_raw_2026-02-17_14-44-06_NDLX93nBFyI.jpg,https://acv-labs-acv-one.acvauctions.com/image_raw/ba97badd-a9e4-41f7-b55f-058b270ad4c2/left/bottom-side/lf_wheel_raw_2026-02-17_14-44-04_6sV3QrmaCmw.jpg,https://acv-labs-acv-one.acvauctions.com/image_raw/ba97badd-a9e4-41f7-b55f-058b270ad4c2/left/bottom-rear/lf_wheel_rear_raw_2026-02-17_14-44-05_W5LQ6UX1I4w.jpg
241,,https://acv-labs-acv-one.acvauctions.com/image_raw/ba97badd-a9e4-41f7-b55f-058b270ad4c2/left/bottom-front/lr_wheel_front_raw_2026-02-17_14-44-06_HCcP1AaCN3g.jpg,https://acv-labs-acv-one.acvauctions.com/image_raw/ba97badd-a9e4-41f7-b55f-058b270ad4c2/left/bottom-side/lr_wheel_raw_2026-02-17_14-44-05_zcoweAz3ek8.jpg,https://acv-labs-acv-one.acvauctions.com/image_raw/ba97badd-a9e4-41f7-b55f-058b270ad4c2/left/bottom-rear/lr_wheel_rear_raw_2026-02-17_14-44-06_PVO8kxbb5tk.jpg
242,,https://acv-labs-acv-one.acvauctions.com/image_raw/ba97badd-a9e4-41f7-b55f-058b270ad4c2/right/bottom-front/rf_wheel_front_raw_2026-02-17_14-44-10_MSlrTd8tgC4.jpg,https://acv-labs-acv-one.acvauctions.com/image_raw/ba97badd-a9e4-41f7-b55f-058b270ad4c2/right/bottom-side/rf_wheel_raw_2026-02-17_14-44-06_mNv8fV3YbN8.jpg,https://acv-labs-acv-one.acvauctions.com/image_raw/ba97badd-a9e4-41f7-b55f-058b270ad4c2/right/bottom-rear/rf_wheel_rear_raw_2026-02-17_14-44-05_Ji_zsAOfE2M.jpg
243,,https://acv-labs-acv-one.acvauctions.com/image_raw/ba97badd-a9e4-41f7-b55f-058b270ad4c2/right/bottom-front/rr_wheel_front_raw_2026-02-17_14-44-10_TN_oohaLgvs.jpg,https://acv-labs-acv-one.acvauctions.com/image_raw/ba97badd-a9e4-41f7-b55f-058b270ad4c2/right/bottom-side/rr_wheel_raw_2026-02-17_14-44-07_vCwbX5Go7oE.jpg,https://acv-labs-acv-one.acvauctions.com/image_raw/ba97badd-a9e4-41f7-b55f-058b270ad4c2/right/bottom-rear/rr_wheel_rear_raw_2026-02-17_14-44-06_g2ni-bwTA2E.jpg
244,,https://acv-labs-acv-one.acvauctions.com/image_raw/a099186c-1665-4d2d-97d7-1ccdde58a22d/left/bottom-front/lf_wheel_front_raw_2026-02-09_21-15-38_VoY844_55hI.jpg,https://acv-labs-acv-one.acvauctions.com/image_raw/a099186c-1665-4d2d-97d7-1ccdde58a22d/left/bottom-side/lf_wheel_raw_2026-02-09_21-15-37_I0InOxa_ro4.jpg,https://acv-labs-acv-one.acvauctions.com/image_raw/a099186c-1665-4d2d-97d7-1ccdde58a22d/left/bottom-rear/lf_wheel_rear_raw_2026-02-09_21-15-39_XIrM1-b3F3Q.jpg
245,,https://acv-labs-acv-one.acvauctions.com/image_raw/a099186c-1665-4d2d-97d7-1ccdde58a22d/left/bottom-front/lr_wheel_front_raw_2026-02-09_21-15-38_bmF565hosjc.jpg,https://acv-labs-acv-one.acvauctions.com/image_raw/a099186c-1665-4d2d-97d7-1ccdde58a22d/left/bottom-side/lr_wheel_raw_2026-02-09_21-15-37_fYm8EXyKwHg.jpg,https://acv-labs-acv-one.acvauctions.com/image_raw/a099186c-1665-4d2d-97d7-1ccdde58a22d/left/bottom-rear/lr_wheel_rear_raw_2026-02-09_21-15-39_9Pxf2T_Rm30.jpg
246,,https://acv-labs-acv-one.acvauctions.com/image_raw/a099186c-1665-4d2d-97d7-1ccdde58a22d/right/bottom-front/rf_wheel_front_raw_2026-02-09_21-15-39_nL_ud6qVI5Q.jpg,https://acv-labs-acv-one.acvauctions.com/image_raw/a099186c-1665-4d2d-97d7-1ccdde58a22d/right/bottom-side/rf_wheel_raw_2026-02-09_21-15-37_eObtQwc79yg.jpg,https://acv-labs-acv-one.acvauctions.com/image_raw/a099186c-1665-4d2d-97d7-1ccdde58a22d/right/bottom-rear/rf_wheel_rear_raw_2026-02-09_21-15-42_EcO37pVqmfU.jpg
247,,https://acv-labs-acv-one.acvauctions.com/image_raw/a099186c-1665-4d2d-97d7-1ccdde58a22d/right/bottom-front/rr_wheel_front_raw_2026-02-09_21-15-40_pMICXHl2F0E.jpg,https://acv-labs-acv-one.acvauctions.com/image_raw/a099186c-1665-4d2d-97d7-1ccdde58a22d/right/bottom-side/rr_wheel_raw_2026-02-09_21-15-37_jygL0XfOGjE.jpg,https://acv-labs-acv-one.acvauctions.com/image_raw/a099186c-1665-4d2d-97d7-1ccdde58a22d/right/bottom-rear/rr_wheel_rear_raw_2026-02-09_21-15-42_vYNXtS1tzBo.jpg
248,,https://acv-labs-acv-one.acvauctions.com/image_raw/e254e674-fb98-43a1-bb29-a650c1945201/left/bottom-front/lf_wheel_front_raw_2026-02-10_21-44-32_A4_YNTGq_RY.jpg,https://acv-labs-acv-one.acvauctions.com/image_raw/e254e674-fb98-43a1-bb29-a650c1945201/left/bottom-side/lf_wheel_raw_2026-02-10_21-44-32_Kh7pt1qHeVk.jpg,https://acv-labs-acv-one.acvauctions.com/image_raw/e254e674-fb98-43a1-bb29-a650c1945201/left/bottom-rear/lf_wheel_rear_raw_2026-02-10_21-44-36_hD_M8piMvLI.jpg
249,,https://acv-labs-acv-one.acvauctions.com/image_raw/e254e674-fb98-43a1-bb29-a650c1945201/left/bottom-front/lr_wheel_front_raw_2026-02-10_21-44-33_fRbWJzYeWZQ.jpg,https://acv-labs-acv-one.acvauctions.com/image_raw/e254e674-fb98-43a1-bb29-a650c1945201/left/bottom-side/lr_wheel_raw_2026-02-10_21-44-32_jr75LL5-GA8.jpg,https://acv-labs-acv-one.acvauctions.com/image_raw/e254e674-fb98-43a1-bb29-a650c1945201/left/bottom-rear/lr_wheel_rear_raw_2026-02-10_21-44-36_7wiNzkMHxm0.jpg
250,,https://acv-labs-acv-one.acvauctions.com/image_raw/e254e674-fb98-43a1-bb29-a650c1945201/right/bottom-front/rf_wheel_front_raw_2026-02-10_21-44-33_U7OWR0w2L8Q.jpg,https://acv-labs-acv-one.acvauctions.com/image_raw/e254e674-fb98-43a1-bb29-a650c1945201/right/bottom-side/rf_wheel_raw_2026-02-10_21-44-32_GjTXBusa95k.jpg,https://acv-labs-acv-one.acvauctions.com/image_raw/e254e674-fb98-43a1-bb29-a650c1945201/right/bottom-rear/rf_wheel_rear_raw_2026-02-10_21-44-34_mbeq_OCmwVI.jpg
251,,https://acv-labs-acv-one.acvauctions.com/image_raw/e254e674-fb98-43a1-bb29-a650c1945201/right/bottom-front/rr_wheel_front_raw_2026-02-10_21-44-33_E08WeexAGjM.jpg,https://acv-labs-acv-one.acvauctions.com/image_raw/e254e674-fb98-43a1-bb29-a650c1945201/right/bottom-side/rr_wheel_raw_2026-02-10_21-44-32_s0qnmIBj1wA.jpg,https://acv-labs-acv-one.acvauctions.com/image_raw/e254e674-fb98-43a1-bb29-a650c1945201/right/bottom-rear/rr_wheel_rear_raw_2026-02-10_21-44-34_Vrf7_xIKIh0.jpg
252,,https://acv-labs-acv-one.acvauctions.com/image_raw/de61ddaf-de31-4c52-a5a7-ac03ddce20ad/left/bottom-front/lf_wheel_front_raw_2026-02-02_23-28-21_5eMPKKCF070.jpg,https://acv-labs-acv-one.acvauctions.com/image_raw/de61ddaf-de31-4c52-a5a7-ac03ddce20ad/left/bottom-side/lf_wheel_raw_2026-02-02_23-28-19_pD3HhY-v9ig.jpg,https://acv-labs-acv-one.acvauctions.com/image_raw/de61ddaf-de31-4c52-a5a7-ac03ddce20ad/left/bottom-rear/lf_wheel_rear_raw_2026-02-02_23-28-19_3D1kFLaGONk.jpg
253,,https://acv-labs-acv-one.acvauctions.com/image_raw/de61ddaf-de31-4c52-a5a7-ac03ddce20ad/left/bottom-front/lr_wheel_front_raw_2026-02-02_23-28-22_r7ALxWDxgJs.jpg,https://acv-labs-acv-one.acvauctions.com/image_raw/de61ddaf-de31-4c52-a5a7-ac03ddce20ad/left/bottom-side/lr_wheel_raw_2026-02-02_23-28-19_qVcqtCNM3nE.jpg,https://acv-labs-acv-one.acvauctions.com/image_raw/de61ddaf-de31-4c52-a5a7-ac03ddce20ad/left/bottom-rear/lr_wheel_rear_raw_2026-02-02_23-28-20_w_yAQ7xo9HA.jpg
254,,https://acv-labs-acv-one.acvauctions.com/image_raw/de61ddaf-de31-4c52-a5a7-ac03ddce20ad/right/bottom-front/rf_wheel_front_raw_2026-02-02_23-28-24_ThlyC0b_EV0.jpg,https://acv-labs-acv-one.acvauctions.com/image_raw/de61ddaf-de31-4c52-a5a7-ac03ddce20ad/right/bottom-side/rf_wheel_raw_2026-02-02_23-28-22_Y2yOtTYub2U.jpg,https://acv-labs-acv-one.acvauctions.com/image_raw/de61ddaf-de31-4c52-a5a7-ac03ddce20ad/right/bottom-rear/rf_wheel_rear_raw_2026-02-02_23-28-25_lhLxSm3_418.jpg
255,,https://acv-labs-acv-one.acvauctions.com/image_raw/de61ddaf-de31-4c52-a5a7-ac03ddce20ad/right/bottom-front/rr_wheel_front_raw_2026-02-02_23-28-24_IoYy0--RIak.jpg,https://acv-labs-acv-one.acvauctions.com/image_raw/de61ddaf-de31-4c52-a5a7-ac03ddce20ad/right/bottom-side/rr_wheel_raw_2026-02-02_23-28-23_IpQ7z8B-1wo.jpg,https://acv-labs-acv-one.acvauctions.com/image_raw/de61ddaf-de31-4c52-a5a7-ac03ddce20ad/right/bottom-rear/rr_wheel_rear_raw_2026-02-02_23-28-25_rLMU6ZPQgc8.jpg
256,,https://acv-labs-acv-one.acvauctions.com/image_raw/68e129a9-a61a-4655-8395-c27fa9ba68be/left/bottom-front/lf_wheel_front_raw_2026-02-10_21-49-28_UCdMqRVKv0U.jpg,https://acv-labs-acv-one.acvauctions.com/image_raw/68e129a9-a61a-4655-8395-c27fa9ba68be/left/bottom-side/lf_wheel_raw_2026-02-10_21-49-33_M4Lf5sX-a4s.jpg,https://acv-labs-acv-one.acvauctions.com/image_raw/68e129a9-a61a-4655-8395-c27fa9ba68be/left/bottom-rear/lf_wheel_rear_raw_2026-02-10_21-49-36_3K21AbVvptU.jpg
257,,https://acv-labs-acv-one.acvauctions.com/image_raw/68e129a9-a61a-4655-8395-c27fa9ba68be/left/bottom-front/lr_wheel_front_raw_2026-02-10_21-49-29__GQGf-SYb0c.jpg,https://acv-labs-acv-one.acvauctions.com/image_raw/68e129a9-a61a-4655-8395-c27fa9ba68be/left/bottom-side/lr_wheel_raw_2026-02-10_21-49-34_GP30J3cNjk4.jpg,https://acv-labs-acv-one.acvauctions.com/image_raw/68e129a9-a61a-4655-8395-c27fa9ba68be/left/bottom-rear/lr_wheel_rear_raw_2026-02-10_21-49-36_3adysFZwMLU.jpg
258,,https://acv-labs-acv-one.acvauctions.com/image_raw/68e129a9-a61a-4655-8395-c27fa9ba68be/right/bottom-front/rf_wheel_front_raw_2026-02-10_21-49-32_i1RLHbXd9QA.jpg,https://acv-labs-acv-one.acvauctions.com/image_raw/68e129a9-a61a-4655-8395-c27fa9ba68be/right/bottom-side/rf_wheel_raw_2026-02-10_21-49-30_Fdnf_ICA3Xs.jpg,https://acv-labs-acv-one.acvauctions.com/image_raw/68e129a9-a61a-4655-8395-c27fa9ba68be/right/bottom-rear/rf_wheel_rear_raw_2026-02-10_21-49-31_JFeYGSt5KuY.jpg
259,,https://acv-labs-acv-one.acvauctions.com/image_raw/68e129a9-a61a-4655-8395-c27fa9ba68be/right/bottom-front/rr_wheel_front_raw_2026-02-10_21-49-33_DZVL7AhhJnw.jpg,https://acv-labs-acv-one.acvauctions.com/image_raw/68e129a9-a61a-4655-8395-c27fa9ba68be/right/bottom-side/rr_wheel_raw_2026-02-10_21-49-30_mn6bnt_i6Jg.jpg,https://acv-labs-acv-one.acvauctions.com/image_raw/68e129a9-a61a-4655-8395-c27fa9ba68be/right/bottom-rear/rr_wheel_rear_raw_2026-02-10_21-49-31_dqMWVR6-gOw.jpg
260,,https://acv-labs-acv-one.acvauctions.com/image_raw/1fc01937-b4b8-4be6-85c0-780c0897873e/left/bottom-front/lf_wheel_front_raw_2026-02-03_15-51-50_2XBDcCc-JnU.jpg,https://acv-labs-acv-one.acvauctions.com/image_raw/1fc01937-b4b8-4be6-85c0-780c0897873e/left/bottom-side/lf_wheel_raw_2026-02-03_15-51-49_3_OATtutVG0.jpg,https://acv-labs-acv-one.acvauctions.com/image_raw/1fc01937-b4b8-4be6-85c0-780c0897873e/left/bottom-rear/lf_wheel_rear_raw_2026-02-03_15-51-52_6deKkWJPPLY.jpg
261,,https://acv-labs-acv-one.acvauctions.com/image_raw/1fc01937-b4b8-4be6-85c0-780c0897873e/left/bottom-front/lr_wheel_front_raw_2026-02-03_15-51-50_383wyJCPQJc.jpg,https://acv-labs-acv-one.acvauctions.com/image_raw/1fc01937-b4b8-4be6-85c0-780c0897873e/left/bottom-side/lr_wheel_raw_2026-02-03_15-51-49_yA1Q0FpifvQ.jpg,https://acv-labs-acv-one.acvauctions.com/image_raw/1fc01937-b4b8-4be6-85c0-780c0897873e/left/bottom-rear/lr_wheel_rear_raw_2026-02-03_15-51-52_iW2PXoyMFoU.jpg
262,,https://acv-labs-acv-one.acvauctions.com/image_raw/1fc01937-b4b8-4be6-85c0-780c0897873e/right/bottom-front/rf_wheel_front_raw_2026-02-03_15-51-42_IgKL9MpaCiM.jpg,https://acv-labs-acv-one.acvauctions.com/image_raw/1fc01937-b4b8-4be6-85c0-780c0897873e/right/bottom-side/rf_wheel_raw_2026-02-03_15-51-42_2Rvyiw1HTeo.jpg,https://acv-labs-acv-one.acvauctions.com/image_raw/1fc01937-b4b8-4be6-85c0-780c0897873e/right/bottom-rear/rf_wheel_rear_raw_2026-02-03_15-51-44_P0O8S3ZfIW4.jpg
263,,https://acv-labs-acv-one.acvauctions.com/image_raw/1fc01937-b4b8-4be6-85c0-780c0897873e/right/bottom-front/rr_wheel_front_raw_2026-02-03_15-51-43_aQu8iKdZNPg.jpg,https://acv-labs-acv-one.acvauctions.com/image_raw/1fc01937-b4b8-4be6-85c0-780c0897873e/right/bottom-side/rr_wheel_raw_2026-02-03_15-51-42_DETX650kkhE.jpg,https://acv-labs-acv-one.acvauctions.com/image_raw/1fc01937-b4b8-4be6-85c0-780c0897873e/right/bottom-rear/rr_wheel_rear_raw_2026-02-03_15-51-44_KH_346gTxGk.jpg
264,,https://acv-labs-acv-one.acvauctions.com/image_raw/63d1f059-8a34-4f21-a5aa-2b094ce984c7/left/bottom-front/lf_wheel_front_raw_2026-02-06_22-57-29_hhUMvV59zhA.jpg,https://acv-labs-acv-one.acvauctions.com/image_raw/63d1f059-8a34-4f21-a5aa-2b094ce984c7/left/bottom-side/lf_wheel_raw_2026-02-06_22-57-27_pZ78aIv64kc.jpg,https://acv-labs-acv-one.acvauctions.com/image_raw/63d1f059-8a34-4f21-a5aa-2b094ce984c7/left/bottom-rear/lf_wheel_rear_raw_2026-02-06_22-57-28_sAq9H1ghWmM.jpg
265,,https://acv-labs-acv-one.acvauctions.com/image_raw/63d1f059-8a34-4f21-a5aa-2b094ce984c7/left/bottom-front/lr_wheel_front_raw_2026-02-06_22-57-29_Smas5JU9RMY.jpg,https://acv-labs-acv-one.acvauctions.com/image_raw/63d1f059-8a34-4f21-a5aa-2b094ce984c7/left/bottom-side/lr_wheel_raw_2026-02-06_22-57-28_1-LZVDZcNKY.jpg,https://acv-labs-acv-one.acvauctions.com/image_raw/63d1f059-8a34-4f21-a5aa-2b094ce984c7/left/bottom-rear/lr_wheel_rear_raw_2026-02-06_22-57-29_N2JUdFMjHyw.jpg
266,,https://acv-labs-acv-one.acvauctions.com/image_raw/63d1f059-8a34-4f21-a5aa-2b094ce984c7/right/bottom-front/rf_wheel_front_raw_2026-02-06_22-57-36__uJn7tNcSdY.jpg,https://acv-labs-acv-one.acvauctions.com/image_raw/63d1f059-8a34-4f21-a5aa-2b094ce984c7/right/bottom-side/rf_wheel_raw_2026-02-06_22-57-28_DPQZPhnVWR8.jpg,https://acv-labs-acv-one.acvauctions.com/image_raw/63d1f059-8a34-4f21-a5aa-2b094ce984c7/right/bottom-rear/rf_wheel_rear_raw_2026-02-06_22-57-33_HIEY_lnCKLw.jpg
267,,https://acv-labs-acv-one.acvauctions.com/image_raw/63d1f059-8a34-4f21-a5aa-2b094ce984c7/right/bottom-front/rr_wheel_front_raw_2026-02-06_22-57-36_SJCrUsrF3mQ.jpg,https://acv-labs-acv-one.acvauctions.com/image_raw/63d1f059-8a34-4f21-a5aa-2b094ce984c7/right/bottom-side/rr_wheel_raw_2026-02-06_22-57-28_Yu6CuL3t-Ew.jpg,https://acv-labs-acv-one.acvauctions.com/image_raw/63d1f059-8a34-4f21-a5aa-2b094ce984c7/right/bottom-rear/rr_wheel_rear_raw_2026-02-06_22-57-33_CYQht7tuQJ0.jpg
268,,https://acv-labs-acv-one.acvauctions.com/image_raw/f9406218-0493-41fb-91e2-a32447280345/left/bottom-front/lf_wheel_front_raw_2026-02-23_20-16-29_s_EZo3cXJQY.jpg,https://acv-labs-acv-one.acvauctions.com/image_raw/f9406218-0493-41fb-91e2-a32447280345/left/bottom-side/lf_wheel_raw_2026-02-23_20-16-25_tK0gTYRTEqk.jpg,https://acv-labs-acv-one.acvauctions.com/image_raw/f9406218-0493-41fb-91e2-a32447280345/left/bottom-rear/lf_wheel_rear_raw_2026-02-23_20-16-27_0WpTtQ9XLvQ.jpg
269,,https://acv-labs-acv-one.acvauctions.com/image_raw/f9406218-0493-41fb-91e2-a32447280345/left/bottom-front/lr_wheel_front_raw_2026-02-23_20-16-29_xYHL8R_HEG4.jpg,https://acv-labs-acv-one.acvauctions.com/image_raw/f9406218-0493-41fb-91e2-a32447280345/left/bottom-side/lr_wheel_raw_2026-02-23_20-16-25_lMFjy7bscnI.jpg,https://acv-labs-acv-one.acvauctions.com/image_raw/f9406218-0493-41fb-91e2-a32447280345/left/bottom-rear/lr_wheel_rear_raw_2026-02-23_20-16-27_r_0O-d08eYM.jpg
270,,https://acv-labs-acv-one.acvauctions.com/image_raw/f9406218-0493-41fb-91e2-a32447280345/right/bottom-front/rf_wheel_front_raw_2026-02-23_20-16-24_EYVFkrUqegw.jpg,https://acv-labs-acv-one.acvauctions.com/image_raw/f9406218-0493-41fb-91e2-a32447280345/right/bottom-side/rf_wheel_raw_2026-02-23_20-16-25_MEEzVdbNoo8.jpg,https://acv-labs-acv-one.acvauctions.com/image_raw/f9406218-0493-41fb-91e2-a32447280345/right/bottom-rear/rf_wheel_rear_raw_2026-02-23_20-16-24_JOBlQdWSh0U.jpg
271,,https://acv-labs-acv-one.acvauctions.com/image_raw/f9406218-0493-41fb-91e2-a32447280345/right/bottom-front/rr_wheel_front_raw_2026-02-23_20-16-24_ByoPzib28pA.jpg,https://acv-labs-acv-one.acvauctions.com/image_raw/f9406218-0493-41fb-91e2-a32447280345/right/bottom-side/rr_wheel_raw_2026-02-23_20-16-25_GCVJDj8TW_4.jpg,https://acv-labs-acv-one.acvauctions.com/image_raw/f9406218-0493-41fb-91e2-a32447280345/right/bottom-rear/rr_wheel_rear_raw_2026-02-23_20-16-25_GBq2uYowjH4.jpg
272,,https://acv-labs-acv-one.acvauctions.com/image_raw/85c47353-f9b5-405c-be2c-378ee9bab521/left/bottom-front/lf_wheel_front_raw_2026-02-02_17-26-21_6TtTRGhdXFg.jpg,https://acv-labs-acv-one.acvauctions.com/image_raw/85c47353-f9b5-405c-be2c-378ee9bab521/left/bottom-side/lf_wheel_raw_2026-02-02_17-26-23_qmO58OBfIqc.jpg,https://acv-labs-acv-one.acvauctions.com/image_raw/85c47353-f9b5-405c-be2c-378ee9bab521/left/bottom-rear/lf_wheel_rear_raw_2026-02-02_17-26-21_7dATaHmROR0.jpg
273,,https://acv-labs-acv-one.acvauctions.com/image_raw/85c47353-f9b5-405c-be2c-378ee9bab521/left/bottom-front/lr_wheel_front_raw_2026-02-02_17-26-22_AmI62QvJooU.jpg,https://acv-labs-acv-one.acvauctions.com/image_raw/85c47353-f9b5-405c-be2c-378ee9bab521/left/bottom-side/lr_wheel_raw_2026-02-02_17-26-23_wUzVBBc2Zoo.jpg,https://acv-labs-acv-one.acvauctions.com/image_raw/85c47353-f9b5-405c-be2c-378ee9bab521/left/bottom-rear/lr_wheel_rear_raw_2026-02-02_17-26-22_DJLfoi8dPuI.jpg
274,,https://acv-labs-acv-one.acvauctions.com/image_raw/85c47353-f9b5-405c-be2c-378ee9bab521/right/bottom-front/rf_wheel_front_raw_2026-02-02_17-26-25_zOosgswDd-Y.jpg,https://acv-labs-acv-one.acvauctions.com/image_raw/85c47353-f9b5-405c-be2c-378ee9bab521/right/bottom-side/rf_wheel_raw_2026-02-02_17-26-21_irmGo_excq8.jpg,https://acv-labs-acv-one.acvauctions.com/image_raw/85c47353-f9b5-405c-be2c-378ee9bab521/right/bottom-rear/rf_wheel_rear_raw_2026-02-02_17-26-22_Pbp6fooStjI.jpg
275,,https://acv-labs-acv-one.acvauctions.com/image_raw/85c47353-f9b5-405c-be2c-378ee9bab521/right/bottom-front/rr_wheel_front_raw_2026-02-02_17-26-25_gQk6XVgR2eo.jpg,https://acv-labs-acv-one.acvauctions.com/image_raw/85c47353-f9b5-405c-be2c-378ee9bab521/right/bottom-side/rr_wheel_raw_2026-02-02_17-26-21_ySSZt52-lkw.jpg,https://acv-labs-acv-one.acvauctions.com/image_raw/85c47353-f9b5-405c-be2c-378ee9bab521/right/bottom-rear/rr_wheel_rear_raw_2026-02-02_17-26-23_9o0ElBimq84.jpg
276,,https://acv-labs-acv-one.acvauctions.com/image_raw/2c0fcbd5-9096-441c-9499-a72677f7f0c6/left/bottom-front/lf_wheel_front_raw_2026-02-16_19-41-44_T5gEZfC1MKw.jpg,https://acv-labs-acv-one.acvauctions.com/image_raw/2c0fcbd5-9096-441c-9499-a72677f7f0c6/left/bottom-side/lf_wheel_raw_2026-02-16_19-41-45_7e2lpNDeIfw.jpg,https://acv-labs-acv-one.acvauctions.com/image_raw/2c0fcbd5-9096-441c-9499-a72677f7f0c6/left/bottom-rear/lf_wheel_rear_raw_2026-02-16_19-41-50_rJg6BvpRJyo.jpg
277,,https://acv-labs-acv-one.acvauctions.com/image_raw/2c0fcbd5-9096-441c-9499-a72677f7f0c6/left/bottom-front/lr_wheel_front_raw_2026-02-16_19-41-45_9kOB3l84nLc.jpg,https://acv-labs-acv-one.acvauctions.com/image_raw/2c0fcbd5-9096-441c-9499-a72677f7f0c6/left/bottom-side/lr_wheel_raw_2026-02-16_19-41-46_DtqMW9Vi-5w.jpg,https://acv-labs-acv-one.acvauctions.com/image_raw/2c0fcbd5-9096-441c-9499-a72677f7f0c6/left/bottom-rear/lr_wheel_rear_raw_2026-02-16_19-41-51_7w4kjS5x788.jpg
278,,https://acv-labs-acv-one.acvauctions.com/image_raw/2c0fcbd5-9096-441c-9499-a72677f7f0c6/right/bottom-front/rf_wheel_front_raw_2026-02-16_19-41-47_ZbWJFUHHCNM.jpg,https://acv-labs-acv-one.acvauctions.com/image_raw/2c0fcbd5-9096-441c-9499-a72677f7f0c6/right/bottom-side/rf_wheel_raw_2026-02-16_19-41-50_QqTuWLn9fSQ.jpg,https://acv-labs-acv-one.acvauctions.com/image_raw/2c0fcbd5-9096-441c-9499-a72677f7f0c6/right/bottom-rear/rf_wheel_rear_raw_2026-02-16_19-41-43_E2j2-mB9-hE.jpg
279,,https://acv-labs-acv-one.acvauctions.com/image_raw/2c0fcbd5-9096-441c-9499-a72677f7f0c6/right/bottom-front/rr_wheel_front_raw_2026-02-16_19-41-47_nmmTPAWrsbg.jpg,https://acv-labs-acv-one.acvauctions.com/image_raw/2c0fcbd5-9096-441c-9499-a72677f7f0c6/right/bottom-side/rr_wheel_raw_2026-02-16_19-41-51_1rC-G1zTzrw.jpg,https://acv-labs-acv-one.acvauctions.com/image_raw/2c0fcbd5-9096-441c-9499-a72677f7f0c6/right/bottom-rear/rr_wheel_rear_raw_2026-02-16_19-41-43_TKDd-TBfrXw.jpg
280,,https://acv-labs-acv-one.acvauctions.com/image_raw/f1928b3c-ddfa-4ef4-b169-24fa0b2523b6/left/bottom-front/lf_wheel_front_raw_2026-02-16_17-03-46_k9yKAByG4L0.jpg,https://acv-labs-acv-one.acvauctions.com/image_raw/f1928b3c-ddfa-4ef4-b169-24fa0b2523b6/left/bottom-side/lf_wheel_raw_2026-02-16_17-03-47_BQq_2x-rP-Y.jpg,https://acv-labs-acv-one.acvauctions.com/image_raw/f1928b3c-ddfa-4ef4-b169-24fa0b2523b6/left/bottom-rear/lf_wheel_rear_raw_2026-02-16_17-03-48_3pn_qLrhxrI.jpg
281,,https://acv-labs-acv-one.acvauctions.com/image_raw/f1928b3c-ddfa-4ef4-b169-24fa0b2523b6/left/bottom-front/lr_wheel_front_raw_2026-02-16_17-03-47_RTbAs3WwmCc.jpg,https://acv-labs-acv-one.acvauctions.com/image_raw/f1928b3c-ddfa-4ef4-b169-24fa0b2523b6/left/bottom-side/lr_wheel_raw_2026-02-16_17-03-47_wJKlwLYTnBc.jpg,https://acv-labs-acv-one.acvauctions.com/image_raw/f1928b3c-ddfa-4ef4-b169-24fa0b2523b6/left/bottom-rear/lr_wheel_rear_raw_2026-02-16_17-03-48_CoDqoc9J2LI.jpg
282,,https://acv-labs-acv-one.acvauctions.com/image_raw/f1928b3c-ddfa-4ef4-b169-24fa0b2523b6/right/bottom-front/rf_wheel_front_raw_2026-02-16_17-03-52_9s1EBDmXZzI.jpg,https://acv-labs-acv-one.acvauctions.com/image_raw/f1928b3c-ddfa-4ef4-b169-24fa0b2523b6/right/bottom-side/rf_wheel_raw_2026-02-16_17-03-47_XaK6Y-WJCnI.jpg,https://acv-labs-acv-one.acvauctions.com/image_raw/f1928b3c-ddfa-4ef4-b169-24fa0b2523b6/right/bottom-rear/rf_wheel_rear_raw_2026-02-16_17-03-50_ZWif0AkiiIU.jpg
283,,https://acv-labs-acv-one.acvauctions.com/image_raw/f1928b3c-ddfa-4ef4-b169-24fa0b2523b6/right/bottom-front/rr_wheel_front_raw_2026-02-16_17-03-52_8meMCiBKHQs.jpg,https://acv-labs-acv-one.acvauctions.com/image_raw/f1928b3c-ddfa-4ef4-b169-24fa0b2523b6/right/bottom-side/rr_wheel_raw_2026-02-16_17-03-47_AX55kImU8jo.jpg,https://acv-labs-acv-one.acvauctions.com/image_raw/f1928b3c-ddfa-4ef4-b169-24fa0b2523b6/right/bottom-rear/rr_wheel_rear_raw_2026-02-16_17-03-50_3pPHs2SvMUQ.jpg
284,,https://acv-labs-acv-one.acvauctions.com/image_raw/c3ede675-b095-4254-8c4b-4ee71e6eb167/left/bottom-front/lf_wheel_front_raw_2026-02-02_17-35-46_sQgGPsSGXoE.jpg,https://acv-labs-acv-one.acvauctions.com/image_raw/c3ede675-b095-4254-8c4b-4ee71e6eb167/left/bottom-side/lf_wheel_raw_2026-02-02_17-35-44_llWxqijJkWw.jpg,https://acv-labs-acv-one.acvauctions.com/image_raw/c3ede675-b095-4254-8c4b-4ee71e6eb167/left/bottom-rear/lf_wheel_rear_raw_2026-02-02_17-35-41_m-Rw4MBRIYE.jpg
285,,https://acv-labs-acv-one.acvauctions.com/image_raw/c3ede675-b095-4254-8c4b-4ee71e6eb167/left/bottom-front/lr_wheel_front_raw_2026-02-02_17-35-46_7f8iwr30LCU.jpg,https://acv-labs-acv-one.acvauctions.com/image_raw/c3ede675-b095-4254-8c4b-4ee71e6eb167/left/bottom-side/lr_wheel_raw_2026-02-02_17-35-45_5LEjOLGkAFU.jpg,https://acv-labs-acv-one.acvauctions.com/image_raw/c3ede675-b095-4254-8c4b-4ee71e6eb167/left/bottom-rear/lr_wheel_rear_raw_2026-02-02_17-35-42_FEUkOsaWUn4.jpg
286,,https://acv-labs-acv-one.acvauctions.com/image_raw/c3ede675-b095-4254-8c4b-4ee71e6eb167/right/bottom-front/rf_wheel_front_raw_2026-02-02_17-35-42_IMagJ9E_wAg.jpg,https://acv-labs-acv-one.acvauctions.com/image_raw/c3ede675-b095-4254-8c4b-4ee71e6eb167/right/bottom-side/rf_wheel_raw_2026-02-02_17-35-43_yPmW3z-zkTg.jpg,https://acv-labs-acv-one.acvauctions.com/image_raw/c3ede675-b095-4254-8c4b-4ee71e6eb167/right/bottom-rear/rf_wheel_rear_raw_2026-02-02_17-35-43_5Y0cyGhF0oo.jpg
287,,https://acv-labs-acv-one.acvauctions.com/image_raw/c3ede675-b095-4254-8c4b-4ee71e6eb167/right/bottom-front/rr_wheel_front_raw_2026-02-02_17-35-42_fzDwNEfuKyc.jpg,https://acv-labs-acv-one.acvauctions.com/image_raw/c3ede675-b095-4254-8c4b-4ee71e6eb167/right/bottom-side/rr_wheel_raw_2026-02-02_17-35-43_8qyDHBDiLqI.jpg,https://acv-labs-acv-one.acvauctions.com/image_raw/c3ede675-b095-4254-8c4b-4ee71e6eb167/right/bottom-rear/rr_wheel_rear_raw_2026-02-02_17-35-43_6DxkU5jqTLc.jpg
288,,https://acv-labs-acv-one.acvauctions.com/image_raw/e6316bbe-497b-4f11-b575-1c8cc130dee3/left/bottom-front/lf_wheel_front_raw_2026-02-02_17-07-00_qRBcBF2idh8.jpg,https://acv-labs-acv-one.acvauctions.com/image_raw/e6316bbe-497b-4f11-b575-1c8cc130dee3/left/bottom-side/lf_wheel_raw_2026-02-02_17-06-52_VGm7x609B9E.jpg,https://acv-labs-acv-one.acvauctions.com/image_raw/e6316bbe-497b-4f11-b575-1c8cc130dee3/left/bottom-rear/lf_wheel_rear_raw_2026-02-02_17-06-55__vCp6di5bOg.jpg
289,,https://acv-labs-acv-one.acvauctions.com/image_raw/e6316bbe-497b-4f11-b575-1c8cc130dee3/left/bottom-front/lr_wheel_front_raw_2026-02-02_17-07-00_rX4farv9uqs.jpg,https://acv-labs-acv-one.acvauctions.com/image_raw/e6316bbe-497b-4f11-b575-1c8cc130dee3/left/bottom-side/lr_wheel_raw_2026-02-02_17-06-52_KkzbFDpUu8Y.jpg,https://acv-labs-acv-one.acvauctions.com/image_raw/e6316bbe-497b-4f11-b575-1c8cc130dee3/left/bottom-rear/lr_wheel_rear_raw_2026-02-02_17-06-55_2o1KE8Cnzdc.jpg
290,,https://acv-labs-acv-one.acvauctions.com/image_raw/e6316bbe-497b-4f11-b575-1c8cc130dee3/right/bottom-front/rf_wheel_front_raw_2026-02-02_17-06-53_tGQ6tkEgZ28.jpg,https://acv-labs-acv-one.acvauctions.com/image_raw/e6316bbe-497b-4f11-b575-1c8cc130dee3/right/bottom-side/rf_wheel_raw_2026-02-02_17-06-53_pfRHDZeb9oo.jpg,https://acv-labs-acv-one.acvauctions.com/image_raw/e6316bbe-497b-4f11-b575-1c8cc130dee3/right/bottom-rear/rf_wheel_rear_raw_2026-02-02_17-06-55_WZqhl2bWmrg.jpg
291,,https://acv-labs-acv-one.acvauctions.com/image_raw/e6316bbe-497b-4f11-b575-1c8cc130dee3/right/bottom-front/rr_wheel_front_raw_2026-02-02_17-06-54_ipRQJUp5s2g.jpg,https://acv-labs-acv-one.acvauctions.com/image_raw/e6316bbe-497b-4f11-b575-1c8cc130dee3/right/bottom-side/rr_wheel_raw_2026-02-02_17-06-54_in8NbiM9Wvg.jpg,https://acv-labs-acv-one.acvauctions.com/image_raw/e6316bbe-497b-4f11-b575-1c8cc130dee3/right/bottom-rear/rr_wheel_rear_raw_2026-02-02_17-06-55_hp1L71zBLY8.jpg
292,,https://acv-labs-acv-one.acvauctions.com/image_raw/0282c834-6fd8-4394-aa12-6a1fbd5c0d14/left/bottom-front/lf_wheel_front_raw_2026-02-02_21-32-39_jIYn-roVQ9Q.jpg,https://acv-labs-acv-one.acvauctions.com/image_raw/0282c834-6fd8-4394-aa12-6a1fbd5c0d14/left/bottom-side/lf_wheel_raw_2026-02-02_21-32-39_dzLVFRAMQcI.jpg,https://acv-labs-acv-one.acvauctions.com/image_raw/0282c834-6fd8-4394-aa12-6a1fbd5c0d14/left/bottom-rear/lf_wheel_rear_raw_2026-02-02_21-32-42_0AyYH1eqYz4.jpg
293,,https://acv-labs-acv-one.acvauctions.com/image_raw/0282c834-6fd8-4394-aa12-6a1fbd5c0d14/left/bottom-front/lr_wheel_front_raw_2026-02-02_21-32-39_c8xNB6SHIi8.jpg,https://acv-labs-acv-one.acvauctions.com/image_raw/0282c834-6fd8-4394-aa12-6a1fbd5c0d14/left/bottom-side/lr_wheel_raw_2026-02-02_21-32-39_BZ533NAA3AM.jpg,https://acv-labs-acv-one.acvauctions.com/image_raw/0282c834-6fd8-4394-aa12-6a1fbd5c0d14/left/bottom-rear/lr_wheel_rear_raw_2026-02-02_21-32-42_eTwSXY_vjOc.jpg
294,,https://acv-labs-acv-one.acvauctions.com/image_raw/0282c834-6fd8-4394-aa12-6a1fbd5c0d14/right/bottom-front/rf_wheel_front_raw_2026-02-02_21-32-36_Me554zIqHIs.jpg,https://acv-labs-acv-one.acvauctions.com/image_raw/0282c834-6fd8-4394-aa12-6a1fbd5c0d14/right/bottom-side/rf_wheel_raw_2026-02-02_21-32-39_Hi8ISxzmbhk.jpg,https://acv-labs-acv-one.acvauctions.com/image_raw/0282c834-6fd8-4394-aa12-6a1fbd5c0d14/right/bottom-rear/rf_wheel_rear_raw_2026-02-02_21-32-36_qt8bQpprHTM.jpg
295,,https://acv-labs-acv-one.acvauctions.com/image_raw/0282c834-6fd8-4394-aa12-6a1fbd5c0d14/right/bottom-front/rr_wheel_front_raw_2026-02-02_21-32-36_WQF53kgc8tg.jpg,https://acv-labs-acv-one.acvauctions.com/image_raw/0282c834-6fd8-4394-aa12-6a1fbd5c0d14/right/bottom-side/rr_wheel_raw_2026-02-02_21-32-39_64n4_Y4MZ4E.jpg,https://acv-labs-acv-one.acvauctions.com/image_raw/0282c834-6fd8-4394-aa12-6a1fbd5c0d14/right/bottom-rear/rr_wheel_rear_raw_2026-02-02_21-32-37_kmHQ0f79NSw.jpg
296,,https://acv-labs-acv-one.acvauctions.com/image_raw/d2514d50-c92b-4e44-b82c-593aa75bcd27/left/bottom-front/lf_wheel_front_raw_2026-02-02_21-34-58_HPXpAq0fPtc.jpg,https://acv-labs-acv-one.acvauctions.com/image_raw/d2514d50-c92b-4e44-b82c-593aa75bcd27/left/bottom-side/lf_wheel_raw_2026-02-02_21-34-58_j7CqRTBzK4s.jpg,https://acv-labs-acv-one.acvauctions.com/image_raw/d2514d50-c92b-4e44-b82c-593aa75bcd27/left/bottom-rear/lf_wheel_rear_raw_2026-02-02_21-35-02_0hprtz7JEYY.jpg
297,,https://acv-labs-acv-one.acvauctions.com/image_raw/d2514d50-c92b-4e44-b82c-593aa75bcd27/left/bottom-front/lr_wheel_front_raw_2026-02-02_21-34-59_T1XagT1buyA.jpg,https://acv-labs-acv-one.acvauctions.com/image_raw/d2514d50-c92b-4e44-b82c-593aa75bcd27/left/bottom-side/lr_wheel_raw_2026-02-02_21-34-58_yYqIXDfF95I.jpg,https://acv-labs-acv-one.acvauctions.com/image_raw/d2514d50-c92b-4e44-b82c-593aa75bcd27/left/bottom-rear/lr_wheel_rear_raw_2026-02-02_21-35-02_iP1fBA2Ye3Y.jpg
298,,https://acv-labs-acv-one.acvauctions.com/image_raw/d2514d50-c92b-4e44-b82c-593aa75bcd27/right/bottom-front/rf_wheel_front_raw_2026-02-02_21-35-03_R9qPFtcRqlg.jpg,https://acv-labs-acv-one.acvauctions.com/image_raw/d2514d50-c92b-4e44-b82c-593aa75bcd27/right/bottom-side/rf_wheel_raw_2026-02-02_21-35-00_fYJI8et44NQ.jpg,https://acv-labs-acv-one.acvauctions.com/image_raw/d2514d50-c92b-4e44-b82c-593aa75bcd27/right/bottom-rear/rf_wheel_rear_raw_2026-02-02_21-35-02_aD9oNyVS5Qw.jpg
299,,https://acv-labs-acv-one.acvauctions.com/image_raw/d2514d50-c92b-4e44-b82c-593aa75bcd27/right/bottom-front/rr_wheel_front_raw_2026-02-02_21-35-04_RHb_RqSCn2U.jpg,https://acv-labs-acv-one.acvauctions.com/image_raw/d2514d50-c92b-4e44-b82c-593aa75bcd27/right/bottom-side/rr_wheel_raw_2026-02-02_21-35-00_Qn3RNwFD9AA.jpg,https://acv-labs-acv-one.acvauctions.com/image_raw/d2514d50-c92b-4e44-b82c-593aa75bcd27/right/bottom-rear/rr_wheel_rear_raw_2026-02-02_21-35-03_ZrFnzz829Qg.jpg
300,,https://acv-labs-acv-one.acvauctions.com/image_raw/621d698a-93cd-48e3-bc9f-4688f0753cb5/left/bottom-front/lf_wheel_front_raw_2026-02-02_22-11-24_ebKGPuW_PeI.jpg,https://acv-labs-acv-one.acvauctions.com/image_raw/621d698a-93cd-48e3-bc9f-4688f0753cb5/left/bottom-side/lf_wheel_raw_2026-02-02_22-11-23_VFBl5zDmlMQ.jpg,https://acv-labs-acv-one.acvauctions.com/image_raw/621d698a-93cd-48e3-bc9f-4688f0753cb5/left/bottom-rear/lf_wheel_rear_raw_2026-02-02_22-11-27_XIfMp3MwSSA.jpg
301,,https://acv-labs-acv-one.acvauctions.com/image_raw/621d698a-93cd-48e3-bc9f-4688f0753cb5/left/bottom-front/lr_wheel_front_raw_2026-02-02_22-11-25_atCgh0aoZJc.jpg,https://acv-labs-acv-one.acvauctions.com/image_raw/621d698a-93cd-48e3-bc9f-4688f0753cb5/left/bottom-side/lr_wheel_raw_2026-02-02_22-11-23_8FRQcRFgPkg.jpg,https://acv-labs-acv-one.acvauctions.com/image_raw/621d698a-93cd-48e3-bc9f-4688f0753cb5/left/bottom-rear/lr_wheel_rear_raw_2026-02-02_22-11-27_5NhrCJ8xEfw.jpg
302,,https://acv-labs-acv-one.acvauctions.com/image_raw/621d698a-93cd-48e3-bc9f-4688f0753cb5/right/bottom-front/rf_wheel_front_raw_2026-02-02_22-11-24_k8NMOtnA9aI.jpg,https://acv-labs-acv-one.acvauctions.com/image_raw/621d698a-93cd-48e3-bc9f-4688f0753cb5/right/bottom-side/rf_wheel_raw_2026-02-02_22-11-23_WfvKlm9hV9o.jpg,https://acv-labs-acv-one.acvauctions.com/image_raw/621d698a-93cd-48e3-bc9f-4688f0753cb5/right/bottom-rear/rf_wheel_rear_raw_2026-02-02_22-11-24_1iIpeDo-gSA.jpg
303,,https://acv-labs-acv-one.acvauctions.com/image_raw/621d698a-93cd-48e3-bc9f-4688f0753cb5/right/bottom-front/rr_wheel_front_raw_2026-02-02_22-11-25_A_6chvqxc8Y.jpg,https://acv-labs-acv-one.acvauctions.com/image_raw/621d698a-93cd-48e3-bc9f-4688f0753cb5/right/bottom-side/rr_wheel_raw_2026-02-02_22-11-23_z64l1gO8150.jpg,https://acv-labs-acv-one.acvauctions.com/image_raw/621d698a-93cd-48e3-bc9f-4688f0753cb5/right/bottom-rear/rr_wheel_rear_raw_2026-02-02_22-11-25_tjxzy456neg.jpg
304,,https://acv-labs-acv-one.acvauctions.com/image_raw/302da888-d15e-4bd7-9a3e-e0f49ac8ee9e/left/bottom-front/lf_wheel_front_raw_2026-02-09_16-50-45_wtWt8m2ojVA.jpg,https://acv-labs-acv-one.acvauctions.com/image_raw/302da888-d15e-4bd7-9a3e-e0f49ac8ee9e/left/bottom-side/lf_wheel_raw_2026-02-09_16-50-48_U-0XLbQ405k.jpg,https://acv-labs-acv-one.acvauctions.com/image_raw/302da888-d15e-4bd7-9a3e-e0f49ac8ee9e/left/bottom-rear/lf_wheel_rear_raw_2026-02-09_16-50-47_lIiA9-_7qsc.jpg
305,,https://acv-labs-acv-one.acvauctions.com/image_raw/302da888-d15e-4bd7-9a3e-e0f49ac8ee9e/left/bottom-front/lr_wheel_front_raw_2026-02-09_16-50-45_6yJB4AJh1Dk.jpg,https://acv-labs-acv-one.acvauctions.com/image_raw/302da888-d15e-4bd7-9a3e-e0f49ac8ee9e/left/bottom-side/lr_wheel_raw_2026-02-09_16-50-49_xds2yhCwukk.jpg,https://acv-labs-acv-one.acvauctions.com/image_raw/302da888-d15e-4bd7-9a3e-e0f49ac8ee9e/left/bottom-rear/lr_wheel_rear_raw_2026-02-09_16-50-47_uxRk2Qe0_hg.jpg
306,,https://acv-labs-acv-one.acvauctions.com/image_raw/302da888-d15e-4bd7-9a3e-e0f49ac8ee9e/right/bottom-front/rf_wheel_front_raw_2026-02-09_16-50-47_GeVoObiFjk4.jpg,https://acv-labs-acv-one.acvauctions.com/image_raw/302da888-d15e-4bd7-9a3e-e0f49ac8ee9e/right/bottom-side/rf_wheel_raw_2026-02-09_16-50-47_EFdd8xZN0E0.jpg,https://acv-labs-acv-one.acvauctions.com/image_raw/302da888-d15e-4bd7-9a3e-e0f49ac8ee9e/right/bottom-rear/rf_wheel_rear_raw_2026-02-09_16-50-51_3F0uj5pLp8I.jpg
307,,https://acv-labs-acv-one.acvauctions.com/image_raw/302da888-d15e-4bd7-9a3e-e0f49ac8ee9e/right/bottom-front/rr_wheel_front_raw_2026-02-09_16-50-47_Kv2NHPCbOdU.jpg,https://acv-labs-acv-one.acvauctions.com/image_raw/302da888-d15e-4bd7-9a3e-e0f49ac8ee9e/right/bottom-side/rr_wheel_raw_2026-02-09_16-50-48_3UyXmvAmcAI.jpg,https://acv-labs-acv-one.acvauctions.com/image_raw/302da888-d15e-4bd7-9a3e-e0f49ac8ee9e/right/bottom-rear/rr_wheel_rear_raw_2026-02-09_16-50-51_FsTxidcrv_U.jpg
308,,https://acv-labs-acv-one.acvauctions.com/image_raw/997feffb-61db-43fb-b775-d3292d65a42a/left/bottom-front/lf_wheel_front_raw_2026-02-06_23-12-00_2WsRdG8prOc.jpg,https://acv-labs-acv-one.acvauctions.com/image_raw/997feffb-61db-43fb-b775-d3292d65a42a/left/bottom-side/lf_wheel_raw_2026-02-06_23-11-58_SWlVryfhwWE.jpg,https://acv-labs-acv-one.acvauctions.com/image_raw/997feffb-61db-43fb-b775-d3292d65a42a/left/bottom-rear/lf_wheel_rear_raw_2026-02-06_23-11-56_BwP9oKxSCG4.jpg
309,,https://acv-labs-acv-one.acvauctions.com/image_raw/997feffb-61db-43fb-b775-d3292d65a42a/left/bottom-front/lr_wheel_front_raw_2026-02-06_23-12-00_THTDAtKld90.jpg,https://acv-labs-acv-one.acvauctions.com/image_raw/997feffb-61db-43fb-b775-d3292d65a42a/left/bottom-side/lr_wheel_raw_2026-02-06_23-11-59_HDKUkmg-xzc.jpg,https://acv-labs-acv-one.acvauctions.com/image_raw/997feffb-61db-43fb-b775-d3292d65a42a/left/bottom-rear/lr_wheel_rear_raw_2026-02-06_23-11-56_w_Uxn1hVwfk.jpg
310,,https://acv-labs-acv-one.acvauctions.com/image_raw/997feffb-61db-43fb-b775-d3292d65a42a/right/bottom-front/rf_wheel_front_raw_2026-02-06_23-11-54_lF2u-9DcW44.jpg,https://acv-labs-acv-one.acvauctions.com/image_raw/997feffb-61db-43fb-b775-d3292d65a42a/right/bottom-side/rf_wheel_raw_2026-02-06_23-11-56_XZMbFWwKLuQ.jpg,https://acv-labs-acv-one.acvauctions.com/image_raw/997feffb-61db-43fb-b775-d3292d65a42a/right/bottom-rear/rf_wheel_rear_raw_2026-02-06_23-11-56_D7bLGaIcVco.jpg
311,,https://acv-labs-acv-one.acvauctions.com/image_raw/997feffb-61db-43fb-b775-d3292d65a42a/right/bottom-front/rr_wheel_front_raw_2026-02-06_23-11-55_L5NjUSGJeKw.jpg,https://acv-labs-acv-one.acvauctions.com/image_raw/997feffb-61db-43fb-b775-d3292d65a42a/right/bottom-side/rr_wheel_raw_2026-02-06_23-11-56_KtYVKWWd99Y.jpg,https://acv-labs-acv-one.acvauctions.com/image_raw/997feffb-61db-43fb-b775-d3292d65a42a/right/bottom-rear/rr_wheel_rear_raw_2026-02-06_23-11-56_8ocuJJSQimM.jpg
312,,https://acv-labs-acv-one.acvauctions.com/image_raw/eb55d29d-aaf2-4164-8e4f-7700081ffe03/left/bottom-front/lf_wheel_front_raw_2026-02-16_22-59-03_JRGGmmi7FcY.jpg,https://acv-labs-acv-one.acvauctions.com/image_raw/eb55d29d-aaf2-4164-8e4f-7700081ffe03/left/bottom-side/lf_wheel_raw_2026-02-16_22-59-05_TmR4DPY1Ar4.jpg,https://acv-labs-acv-one.acvauctions.com/image_raw/eb55d29d-aaf2-4164-8e4f-7700081ffe03/left/bottom-rear/lf_wheel_rear_raw_2026-02-16_22-59-05_ZVUeGEp25b4.jpg
313,,https://acv-labs-acv-one.acvauctions.com/image_raw/eb55d29d-aaf2-4164-8e4f-7700081ffe03/left/bottom-front/lr_wheel_front_raw_2026-02-16_22-59-04_P-INvyEYKLg.jpg,https://acv-labs-acv-one.acvauctions.com/image_raw/eb55d29d-aaf2-4164-8e4f-7700081ffe03/left/bottom-side/lr_wheel_raw_2026-02-16_22-59-06_3CRlX2IR7xc.jpg,https://acv-labs-acv-one.acvauctions.com/image_raw/eb55d29d-aaf2-4164-8e4f-7700081ffe03/left/bottom-rear/lr_wheel_rear_raw_2026-02-16_22-59-06_wMHA8p5MAJ0.jpg
314,,https://acv-labs-acv-one.acvauctions.com/image_raw/eb55d29d-aaf2-4164-8e4f-7700081ffe03/right/bottom-front/rf_wheel_front_raw_2026-02-16_22-59-10_sSWBGpQlLcw.jpg,https://acv-labs-acv-one.acvauctions.com/image_raw/eb55d29d-aaf2-4164-8e4f-7700081ffe03/right/bottom-side/rf_wheel_raw_2026-02-16_22-59-08_9cvViinjQUk.jpg,https://acv-labs-acv-one.acvauctions.com/image_raw/eb55d29d-aaf2-4164-8e4f-7700081ffe03/right/bottom-rear/rf_wheel_rear_raw_2026-02-16_22-59-10_HNogVzor2zA.jpg
315,,https://acv-labs-acv-one.acvauctions.com/image_raw/eb55d29d-aaf2-4164-8e4f-7700081ffe03/right/bottom-front/rr_wheel_front_raw_2026-02-16_22-59-10_dL73ghI2YEg.jpg,https://acv-labs-acv-one.acvauctions.com/image_raw/eb55d29d-aaf2-4164-8e4f-7700081ffe03/right/bottom-side/rr_wheel_raw_2026-02-16_22-59-08_QZ9fgBPtNLY.jpg,https://acv-labs-acv-one.acvauctions.com/image_raw/eb55d29d-aaf2-4164-8e4f-7700081ffe03/right/bottom-rear/rr_wheel_rear_raw_2026-02-16_22-59-10_mAEwf8FFq5E.jpg
316,,https://acv-labs-acv-one.acvauctions.com/image_raw/675013fe-b5a6-462d-929f-611b71fe10f5/left/bottom-front/lf_wheel_front_raw_2026-02-03_21-35-46_hqUUkON-y1o.jpg,https://acv-labs-acv-one.acvauctions.com/image_raw/675013fe-b5a6-462d-929f-611b71fe10f5/left/bottom-side/lf_wheel_raw_2026-02-03_21-35-46_GYuB2np2uBA.jpg,https://acv-labs-acv-one.acvauctions.com/image_raw/675013fe-b5a6-462d-929f-611b71fe10f5/left/bottom-rear/lf_wheel_rear_raw_2026-02-03_21-35-46_iDjCPNItQfU.jpg
317,,https://acv-labs-acv-one.acvauctions.com/image_raw/675013fe-b5a6-462d-929f-611b71fe10f5/left/bottom-front/lr_wheel_front_raw_2026-02-03_21-35-46_gUjoxQWS0x4.jpg,https://acv-labs-acv-one.acvauctions.com/image_raw/675013fe-b5a6-462d-929f-611b71fe10f5/left/bottom-side/lr_wheel_raw_2026-02-03_21-35-46_YM26P1LHx8Y.jpg,https://acv-labs-acv-one.acvauctions.com/image_raw/675013fe-b5a6-462d-929f-611b71fe10f5/left/bottom-rear/lr_wheel_rear_raw_2026-02-03_21-35-47_Ue-n1uTwnBM.jpg
318,,https://acv-labs-acv-one.acvauctions.com/image_raw/675013fe-b5a6-462d-929f-611b71fe10f5/right/bottom-front/rf_wheel_front_raw_2026-02-03_21-35-46_JvHT4tNVhSE.jpg,https://acv-labs-acv-one.acvauctions.com/image_raw/675013fe-b5a6-462d-929f-611b71fe10f5/right/bottom-side/rf_wheel_raw_2026-02-03_21-35-45_v-8fbyo2KPU.jpg,https://acv-labs-acv-one.acvauctions.com/image_raw/675013fe-b5a6-462d-929f-611b71fe10f5/right/bottom-rear/rf_wheel_rear_raw_2026-02-03_21-35-45_20cyK4b0GEk.jpg
319,,https://acv-labs-acv-one.acvauctions.com/image_raw/675013fe-b5a6-462d-929f-611b71fe10f5/right/bottom-front/rr_wheel_front_raw_2026-02-03_21-35-46_KrNS2WZmTnw.jpg,https://acv-labs-acv-one.acvauctions.com/image_raw/675013fe-b5a6-462d-929f-611b71fe10f5/right/bottom-side/rr_wheel_raw_2026-02-03_21-35-46_zCC5vatVcIs.jpg,https://acv-labs-acv-one.acvauctions.com/image_raw/675013fe-b5a6-462d-929f-611b71fe10f5/right/bottom-rear/rr_wheel_rear_raw_2026-02-03_21-35-45_HdUZzlALU1M.jpg
320,,https://acv-labs-acv-one.acvauctions.com/image_raw/5aada3cb-3d1f-421f-a40f-548cf6b25519/left/bottom-front/lf_wheel_front_raw_2026-02-09_17-33-24_LJUn7KEbugE.jpg,https://acv-labs-acv-one.acvauctions.com/image_raw/5aada3cb-3d1f-421f-a40f-548cf6b25519/left/bottom-side/lf_wheel_raw_2026-02-09_17-33-28_r1PA0FDIhkY.jpg,https://acv-labs-acv-one.acvauctions.com/image_raw/5aada3cb-3d1f-421f-a40f-548cf6b25519/left/bottom-rear/lf_wheel_rear_raw_2026-02-09_17-33-23_DfXSaHWr0CQ.jpg
321,,https://acv-labs-acv-one.acvauctions.com/image_raw/5aada3cb-3d1f-421f-a40f-548cf6b25519/left/bottom-front/lr_wheel_front_raw_2026-02-09_17-33-25_NXhG5DZX-ZQ.jpg,https://acv-labs-acv-one.acvauctions.com/image_raw/5aada3cb-3d1f-421f-a40f-548cf6b25519/left/bottom-side/lr_wheel_raw_2026-02-09_17-33-29_0bJmeMTXCN4.jpg,https://acv-labs-acv-one.acvauctions.com/image_raw/5aada3cb-3d1f-421f-a40f-548cf6b25519/left/bottom-rear/lr_wheel_rear_raw_2026-02-09_17-33-23_B-WVKIPHFzM.jpg
322,,https://acv-labs-acv-one.acvauctions.com/image_raw/5aada3cb-3d1f-421f-a40f-548cf6b25519/right/bottom-front/rf_wheel_front_raw_2026-02-09_17-33-25_kH2elZLUgKU.jpg,https://acv-labs-acv-one.acvauctions.com/image_raw/5aada3cb-3d1f-421f-a40f-548cf6b25519/right/bottom-side/rf_wheel_raw_2026-02-09_17-33-25_tWGGSnvxfgk.jpg,https://acv-labs-acv-one.acvauctions.com/image_raw/5aada3cb-3d1f-421f-a40f-548cf6b25519/right/bottom-rear/rf_wheel_rear_raw_2026-02-09_17-33-25_eEkF9Lu_K3k.jpg
323,,https://acv-labs-acv-one.acvauctions.com/image_raw/5aada3cb-3d1f-421f-a40f-548cf6b25519/right/bottom-front/rr_wheel_front_raw_2026-02-09_17-33-26_Uk-hBEBLjMY.jpg,https://acv-labs-acv-one.acvauctions.com/image_raw/5aada3cb-3d1f-421f-a40f-548cf6b25519/right/bottom-side/rr_wheel_raw_2026-02-09_17-33-25_ppHbHEu2RZA.jpg,https://acv-labs-acv-one.acvauctions.com/image_raw/5aada3cb-3d1f-421f-a40f-548cf6b25519/right/bottom-rear/rr_wheel_rear_raw_2026-02-09_17-33-25_rioJgaM0fGo.jpg
324,,https://acv-labs-acv-one.acvauctions.com/image_raw/80652c4a-869c-4980-ad3e-872a87fc1bbe/left/bottom-front/lf_wheel_front_raw_2026-02-09_21-25-55_ch0XIaLTtlc.jpg,https://acv-labs-acv-one.acvauctions.com/image_raw/80652c4a-869c-4980-ad3e-872a87fc1bbe/left/bottom-side/lf_wheel_raw_2026-02-09_21-25-54_R1NkagiOwRg.jpg,https://acv-labs-acv-one.acvauctions.com/image_raw/80652c4a-869c-4980-ad3e-872a87fc1bbe/left/bottom-rear/lf_wheel_rear_raw_2026-02-09_21-25-55_d9fTAl-YqaU.jpg
325,,https://acv-labs-acv-one.acvauctions.com/image_raw/80652c4a-869c-4980-ad3e-872a87fc1bbe/left/bottom-front/lr_wheel_front_raw_2026-02-09_21-25-55_vcTE9yntJ0A.jpg,https://acv-labs-acv-one.acvauctions.com/image_raw/80652c4a-869c-4980-ad3e-872a87fc1bbe/left/bottom-side/lr_wheel_raw_2026-02-09_21-25-54_G9t4jB0Gqjo.jpg,https://acv-labs-acv-one.acvauctions.com/image_raw/80652c4a-869c-4980-ad3e-872a87fc1bbe/left/bottom-rear/lr_wheel_rear_raw_2026-02-09_21-25-55_n-daNKMoF_Y.jpg
326,,https://acv-labs-acv-one.acvauctions.com/image_raw/80652c4a-869c-4980-ad3e-872a87fc1bbe/right/bottom-front/rf_wheel_front_raw_2026-02-09_21-25-57_-ylP-umVxXU.jpg,https://acv-labs-acv-one.acvauctions.com/image_raw/80652c4a-869c-4980-ad3e-872a87fc1bbe/right/bottom-side/rf_wheel_raw_2026-02-09_21-25-54_2-P_r0SD-pk.jpg,https://acv-labs-acv-one.acvauctions.com/image_raw/80652c4a-869c-4980-ad3e-872a87fc1bbe/right/bottom-rear/rf_wheel_rear_raw_2026-02-09_21-25-55_XM_WVs1JlQo.jpg
327,,https://acv-labs-acv-one.acvauctions.com/image_raw/80652c4a-869c-4980-ad3e-872a87fc1bbe/right/bottom-front/rr_wheel_front_raw_2026-02-09_21-25-57_QuGO8x-Nbtw.jpg,https://acv-labs-acv-one.acvauctions.com/image_raw/80652c4a-869c-4980-ad3e-872a87fc1bbe/right/bottom-side/rr_wheel_raw_2026-02-09_21-25-54_jIa9REfV7Aw.jpg,https://acv-labs-acv-one.acvauctions.com/image_raw/80652c4a-869c-4980-ad3e-872a87fc1bbe/right/bottom-rear/rr_wheel_rear_raw_2026-02-09_21-25-56_g1HFa98CEvQ.jpg
328,,https://acv-labs-acv-one.acvauctions.com/image_raw/b3ba6034-17dc-4657-af2b-78f24cb7819d/left/bottom-front/lf_wheel_front_raw_2026-02-09_17-12-18_H9bU6EY1mJw.jpg,https://acv-labs-acv-one.acvauctions.com/image_raw/b3ba6034-17dc-4657-af2b-78f24cb7819d/left/bottom-side/lf_wheel_raw_2026-02-09_17-12-12_4ZSxXsU5h1g.jpg,https://acv-labs-acv-one.acvauctions.com/image_raw/b3ba6034-17dc-4657-af2b-78f24cb7819d/left/bottom-rear/lf_wheel_rear_raw_2026-02-09_17-12-16_GLruA-mDBtg.jpg
329,,https://acv-labs-acv-one.acvauctions.com/image_raw/b3ba6034-17dc-4657-af2b-78f24cb7819d/left/bottom-front/lr_wheel_front_raw_2026-02-09_17-12-19_JJuAfWaSE-I.jpg,https://acv-labs-acv-one.acvauctions.com/image_raw/b3ba6034-17dc-4657-af2b-78f24cb7819d/left/bottom-side/lr_wheel_raw_2026-02-09_17-12-13_Po4ZEn5-XOo.jpg,https://acv-labs-acv-one.acvauctions.com/image_raw/b3ba6034-17dc-4657-af2b-78f24cb7819d/left/bottom-rear/lr_wheel_rear_raw_2026-02-09_17-12-17_EiQ0iAsdkSk.jpg
330,,https://acv-labs-acv-one.acvauctions.com/image_raw/b3ba6034-17dc-4657-af2b-78f24cb7819d/right/bottom-front/rf_wheel_front_raw_2026-02-09_17-12-20_5Y36993c9vs.jpg,https://acv-labs-acv-one.acvauctions.com/image_raw/b3ba6034-17dc-4657-af2b-78f24cb7819d/right/bottom-side/rf_wheel_raw_2026-02-09_17-12-15_QGX8vBuervk.jpg,https://acv-labs-acv-one.acvauctions.com/image_raw/b3ba6034-17dc-4657-af2b-78f24cb7819d/right/bottom-rear/rf_wheel_rear_raw_2026-02-09_17-12-13_Gf9kkQoPukQ.jpg
331,,https://acv-labs-acv-one.acvauctions.com/image_raw/b3ba6034-17dc-4657-af2b-78f24cb7819d/right/bottom-front/rr_wheel_front_raw_2026-02-09_17-12-21_4jBZQmxkHo4.jpg,https://acv-labs-acv-one.acvauctions.com/image_raw/b3ba6034-17dc-4657-af2b-78f24cb7819d/right/bottom-side/rr_wheel_raw_2026-02-09_17-12-16_xpkKME83ukw.jpg,https://acv-labs-acv-one.acvauctions.com/image_raw/b3ba6034-17dc-4657-af2b-78f24cb7819d/right/bottom-rear/rr_wheel_rear_raw_2026-02-09_17-12-13_DsP-ds7kJW0.jpg
332,,https://acv-labs-acv-one.acvauctions.com/image_raw/7ff831c4-0029-4c54-81a8-121658697e06/left/bottom-front/lf_wheel_front_raw_2026-02-10_21-59-25_Y8uPeSVCvvA.jpg,https://acv-labs-acv-one.acvauctions.com/image_raw/7ff831c4-0029-4c54-81a8-121658697e06/left/bottom-side/lf_wheel_raw_2026-02-10_21-59-22_E5eaYEuSG5Y.jpg,https://acv-labs-acv-one.acvauctions.com/image_raw/7ff831c4-0029-4c54-81a8-121658697e06/left/bottom-rear/lf_wheel_rear_raw_2026-02-10_21-59-23_WGXkPsopPGU.jpg
333,,https://acv-labs-acv-one.acvauctions.com/image_raw/7ff831c4-0029-4c54-81a8-121658697e06/left/bottom-front/lr_wheel_front_raw_2026-02-10_21-59-26_Mg4z124EL-w.jpg,https://acv-labs-acv-one.acvauctions.com/image_raw/7ff831c4-0029-4c54-81a8-121658697e06/left/bottom-side/lr_wheel_raw_2026-02-10_21-59-23_V1c8i686B_o.jpg,https://acv-labs-acv-one.acvauctions.com/image_raw/7ff831c4-0029-4c54-81a8-121658697e06/left/bottom-rear/lr_wheel_rear_raw_2026-02-10_21-59-23_2DLCq-cbGIw.jpg
334,,https://acv-labs-acv-one.acvauctions.com/image_raw/7ff831c4-0029-4c54-81a8-121658697e06/right/bottom-front/rf_wheel_front_raw_2026-02-10_21-59-24_Ux1mq0Z1IkQ.jpg,https://acv-labs-acv-one.acvauctions.com/image_raw/7ff831c4-0029-4c54-81a8-121658697e06/right/bottom-side/rf_wheel_raw_2026-02-10_21-59-22_I0RfRuN34NE.jpg,https://acv-labs-acv-one.acvauctions.com/image_raw/7ff831c4-0029-4c54-81a8-121658697e06/right/bottom-rear/rf_wheel_rear_raw_2026-02-10_21-59-23_WEjBjgnCgfE.jpg
335,,https://acv-labs-acv-one.acvauctions.com/image_raw/7ff831c4-0029-4c54-81a8-121658697e06/right/bottom-front/rr_wheel_front_raw_2026-02-10_21-59-25_TGdtZY0Tunw.jpg,https://acv-labs-acv-one.acvauctions.com/image_raw/7ff831c4-0029-4c54-81a8-121658697e06/right/bottom-side/rr_wheel_raw_2026-02-10_21-59-23__N6Xuhk6pLo.jpg,https://acv-labs-acv-one.acvauctions.com/image_raw/7ff831c4-0029-4c54-81a8-121658697e06/right/bottom-rear/rr_wheel_rear_raw_2026-02-10_21-59-23_Y98a5pnfRCk.jpg
336,,https://acv-labs-acv-one.acvauctions.com/image_raw/cdcc7a1c-ae5f-4922-9752-39827ed578f9/left/bottom-front/lf_wheel_front_raw_2026-02-03_17-46-33_y9cGFnaoLRk.jpg,https://acv-labs-acv-one.acvauctions.com/image_raw/cdcc7a1c-ae5f-4922-9752-39827ed578f9/left/bottom-side/lf_wheel_raw_2026-02-03_17-46-39_iue5jfh3B9k.jpg,https://acv-labs-acv-one.acvauctions.com/image_raw/cdcc7a1c-ae5f-4922-9752-39827ed578f9/left/bottom-rear/lf_wheel_rear_raw_2026-02-03_17-46-35_d6nocxHiZ5M.jpg
337,,https://acv-labs-acv-one.acvauctions.com/image_raw/cdcc7a1c-ae5f-4922-9752-39827ed578f9/left/bottom-front/lr_wheel_front_raw_2026-02-03_17-46-34_kF9qjApF-iU.jpg,https://acv-labs-acv-one.acvauctions.com/image_raw/cdcc7a1c-ae5f-4922-9752-39827ed578f9/left/bottom-side/lr_wheel_raw_2026-02-03_17-46-39_gNL5KYeqWy0.jpg,https://acv-labs-acv-one.acvauctions.com/image_raw/cdcc7a1c-ae5f-4922-9752-39827ed578f9/left/bottom-rear/lr_wheel_rear_raw_2026-02-03_17-46-36_NtW8wja9j0c.jpg
338,,https://acv-labs-acv-one.acvauctions.com/image_raw/cdcc7a1c-ae5f-4922-9752-39827ed578f9/right/bottom-front/rf_wheel_front_raw_2026-02-03_17-46-36_QKlgfCt3Bfs.jpg,https://acv-labs-acv-one.acvauctions.com/image_raw/cdcc7a1c-ae5f-4922-9752-39827ed578f9/right/bottom-side/rf_wheel_raw_2026-02-03_17-46-36_ch7W-ufo-C4.jpg,https://acv-labs-acv-one.acvauctions.com/image_raw/cdcc7a1c-ae5f-4922-9752-39827ed578f9/right/bottom-rear/rf_wheel_rear_raw_2026-02-03_17-46-43__2y7Z1VNG38.jpg
339,,https://acv-labs-acv-one.acvauctions.com/image_raw/cdcc7a1c-ae5f-4922-9752-39827ed578f9/right/bottom-front/rr_wheel_front_raw_2026-02-03_17-46-37_XNmAokZOhd8.jpg,https://acv-labs-acv-one.acvauctions.com/image_raw/cdcc7a1c-ae5f-4922-9752-39827ed578f9/right/bottom-side/rr_wheel_raw_2026-02-03_17-46-36_WCbyTM-cN5M.jpg,https://acv-labs-acv-one.acvauctions.com/image_raw/cdcc7a1c-ae5f-4922-9752-39827ed578f9/right/bottom-rear/rr_wheel_rear_raw_2026-02-03_17-46-44_wRrgQehgZIY.jpg
340,,https://acv-labs-acv-one.acvauctions.com/image_raw/b7b81eb3-bfc6-4ce0-b707-6ef099728b89/left/bottom-front/lf_wheel_front_raw_2026-02-02_17-03-21__PgFF2uoGvs.jpg,https://acv-labs-acv-one.acvauctions.com/image_raw/b7b81eb3-bfc6-4ce0-b707-6ef099728b89/left/bottom-side/lf_wheel_raw_2026-02-02_17-03-16_Bv8TUkRRaD8.jpg,https://acv-labs-acv-one.acvauctions.com/image_raw/b7b81eb3-bfc6-4ce0-b707-6ef099728b89/left/bottom-rear/lf_wheel_rear_raw_2026-02-02_17-03-19_FSmDoQsvkLQ.jpg
341,,https://acv-labs-acv-one.acvauctions.com/image_raw/b7b81eb3-bfc6-4ce0-b707-6ef099728b89/left/bottom-front/lr_wheel_front_raw_2026-02-02_17-03-22_UTWMYKWVpWU.jpg,https://acv-labs-acv-one.acvauctions.com/image_raw/b7b81eb3-bfc6-4ce0-b707-6ef099728b89/left/bottom-side/lr_wheel_raw_2026-02-02_17-03-16_MRVPwXKL_40.jpg,https://acv-labs-acv-one.acvauctions.com/image_raw/b7b81eb3-bfc6-4ce0-b707-6ef099728b89/left/bottom-rear/lr_wheel_rear_raw_2026-02-02_17-03-19_0s_T0UrQTUM.jpg
342,,https://acv-labs-acv-one.acvauctions.com/image_raw/b7b81eb3-bfc6-4ce0-b707-6ef099728b89/right/bottom-front/rf_wheel_front_raw_2026-02-02_17-03-25_tQlVksBkIcg.jpg,https://acv-labs-acv-one.acvauctions.com/image_raw/b7b81eb3-bfc6-4ce0-b707-6ef099728b89/right/bottom-side/rf_wheel_raw_2026-02-02_17-03-17_7Ye5M3ZNfbw.jpg,https://acv-labs-acv-one.acvauctions.com/image_raw/b7b81eb3-bfc6-4ce0-b707-6ef099728b89/right/bottom-rear/rf_wheel_rear_raw_2026-02-02_17-03-16_C1Vd8g-c9CY.jpg
343,,https://acv-labs-acv-one.acvauctions.com/image_raw/b7b81eb3-bfc6-4ce0-b707-6ef099728b89/right/bottom-front/rr_wheel_front_raw_2026-02-02_17-03-25_fIgBqlWQ3cQ.jpg,https://acv-labs-acv-one.acvauctions.com/image_raw/b7b81eb3-bfc6-4ce0-b707-6ef099728b89/right/bottom-side/rr_wheel_raw_2026-02-02_17-03-17_xzUvJueVsUY.jpg,https://acv-labs-acv-one.acvauctions.com/image_raw/b7b81eb3-bfc6-4ce0-b707-6ef099728b89/right/bottom-rear/rr_wheel_rear_raw_2026-02-02_17-03-16_G4MlMCjtcvw.jpg
344,,https://acv-labs-acv-one.acvauctions.com/image_raw/f2a19dc4-71f7-48a2-aaf9-a6e2573a2bea/left/bottom-front/lf_wheel_front_raw_2026-02-02_17-24-54_deF64xJwkEA.jpg,https://acv-labs-acv-one.acvauctions.com/image_raw/f2a19dc4-71f7-48a2-aaf9-a6e2573a2bea/left/bottom-side/lf_wheel_raw_2026-02-02_17-24-52_ardK2m3PgZ0.jpg,https://acv-labs-acv-one.acvauctions.com/image_raw/f2a19dc4-71f7-48a2-aaf9-a6e2573a2bea/left/bottom-rear/lf_wheel_rear_raw_2026-02-02_17-24-59_qBer0Qqu1Pc.jpg
345,,https://acv-labs-acv-one.acvauctions.com/image_raw/f2a19dc4-71f7-48a2-aaf9-a6e2573a2bea/left/bottom-front/lr_wheel_front_raw_2026-02-02_17-24-54_hbZwmmsJFBs.jpg,https://acv-labs-acv-one.acvauctions.com/image_raw/f2a19dc4-71f7-48a2-aaf9-a6e2573a2bea/left/bottom-side/lr_wheel_raw_2026-02-02_17-24-53_7kqcB0B5JQ4.jpg,https://acv-labs-acv-one.acvauctions.com/image_raw/f2a19dc4-71f7-48a2-aaf9-a6e2573a2bea/left/bottom-rear/lr_wheel_rear_raw_2026-02-02_17-24-59_eEvq4LVQP0s.jpg
346,,https://acv-labs-acv-one.acvauctions.com/image_raw/f2a19dc4-71f7-48a2-aaf9-a6e2573a2bea/right/bottom-front/rf_wheel_front_raw_2026-02-02_17-24-52_uyfaoGdtJ9E.jpg,https://acv-labs-acv-one.acvauctions.com/image_raw/f2a19dc4-71f7-48a2-aaf9-a6e2573a2bea/right/bottom-side/rf_wheel_raw_2026-02-02_17-24-53_VsHWYIPIgH8.jpg,https://acv-labs-acv-one.acvauctions.com/image_raw/f2a19dc4-71f7-48a2-aaf9-a6e2573a2bea/right/bottom-rear/rf_wheel_rear_raw_2026-02-02_17-24-53_VQVmbp3x_dk.jpg
347,,https://acv-labs-acv-one.acvauctions.com/image_raw/f2a19dc4-71f7-48a2-aaf9-a6e2573a2bea/right/bottom-front/rr_wheel_front_raw_2026-02-02_17-24-52_DQmjRIuSmJs.jpg,https://acv-labs-acv-one.acvauctions.com/image_raw/f2a19dc4-71f7-48a2-aaf9-a6e2573a2bea/right/bottom-side/rr_wheel_raw_2026-02-02_17-24-53_GAX8rHnsq38.jpg,https://acv-labs-acv-one.acvauctions.com/image_raw/f2a19dc4-71f7-48a2-aaf9-a6e2573a2bea/right/bottom-rear/rr_wheel_rear_raw_2026-02-02_17-24-53_orIjv1EXVXg.jpg
348,,https://acv-labs-acv-one.acvauctions.com/image_raw/dc0397fb-efa2-404e-9b6b-c2ca95f8c633/left/bottom-front/lf_wheel_front_raw_2026-02-10_19-06-02_MMZgwugtsj4.jpg,https://acv-labs-acv-one.acvauctions.com/image_raw/dc0397fb-efa2-404e-9b6b-c2ca95f8c633/left/bottom-side/lf_wheel_raw_2026-02-10_19-06-02_m2MIx4XtcFg.jpg,https://acv-labs-acv-one.acvauctions.com/image_raw/dc0397fb-efa2-404e-9b6b-c2ca95f8c633/left/bottom-rear/lf_wheel_rear_raw_2026-02-10_19-06-03_xjyFHlQ68c0.jpg
349,,https://acv-labs-acv-one.acvauctions.com/image_raw/dc0397fb-efa2-404e-9b6b-c2ca95f8c633/left/bottom-front/lr_wheel_front_raw_2026-02-10_19-06-03_ZUj7dhxGLUE.jpg,https://acv-labs-acv-one.acvauctions.com/image_raw/dc0397fb-efa2-404e-9b6b-c2ca95f8c633/left/bottom-side/lr_wheel_raw_2026-02-10_19-06-02_SDP4vl_AYD0.jpg,https://acv-labs-acv-one.acvauctions.com/image_raw/dc0397fb-efa2-404e-9b6b-c2ca95f8c633/left/bottom-rear/lr_wheel_rear_raw_2026-02-10_19-06-04_BII4K848Vzw.jpg
350,,https://acv-labs-acv-one.acvauctions.com/image_raw/dc0397fb-efa2-404e-9b6b-c2ca95f8c633/right/bottom-front/rf_wheel_front_raw_2026-02-10_19-06-02_FOaCAzYYF_g.jpg,https://acv-labs-acv-one.acvauctions.com/image_raw/dc0397fb-efa2-404e-9b6b-c2ca95f8c633/right/bottom-side/rf_wheel_raw_2026-02-10_19-06-02_cX0IYmftIz0.jpg,https://acv-labs-acv-one.acvauctions.com/image_raw/dc0397fb-efa2-404e-9b6b-c2ca95f8c633/right/bottom-rear/rf_wheel_rear_raw_2026-02-10_19-06-03_YsqHAr_RehY.jpg
351,,https://acv-labs-acv-one.acvauctions.com/image_raw/dc0397fb-efa2-404e-9b6b-c2ca95f8c633/right/bottom-front/rr_wheel_front_raw_2026-02-10_19-06-02_ftwVtBsmiiY.jpg,https://acv-labs-acv-one.acvauctions.com/image_raw/dc0397fb-efa2-404e-9b6b-c2ca95f8c633/right/bottom-side/rr_wheel_raw_2026-02-10_19-06-03_tgRMRtB0PFQ.jpg,https://acv-labs-acv-one.acvauctions.com/image_raw/dc0397fb-efa2-404e-9b6b-c2ca95f8c633/right/bottom-rear/rr_wheel_rear_raw_2026-02-10_19-06-03_YiSPw-KhCD8.jpg
352,,https://acv-labs-acv-one.acvauctions.com/image_raw/2f1cde66-74ed-4dd3-8810-11871b594905/left/bottom-front/lf_wheel_front_raw_2026-02-24_16-32-57_I_4DkZRfFmQ.jpg,https://acv-labs-acv-one.acvauctions.com/image_raw/2f1cde66-74ed-4dd3-8810-11871b594905/left/bottom-side/lf_wheel_raw_2026-02-24_16-32-59_W65_seYSsdI.jpg,https://acv-labs-acv-one.acvauctions.com/image_raw/2f1cde66-74ed-4dd3-8810-11871b594905/left/bottom-rear/lf_wheel_rear_raw_2026-02-24_16-33-01_Lbv90Nw17oE.jpg
353,,https://acv-labs-acv-one.acvauctions.com/image_raw/2f1cde66-74ed-4dd3-8810-11871b594905/left/bottom-front/lr_wheel_front_raw_2026-02-24_16-32-57_aufZxV1G-hg.jpg,https://acv-labs-acv-one.acvauctions.com/image_raw/2f1cde66-74ed-4dd3-8810-11871b594905/left/bottom-side/lr_wheel_raw_2026-02-24_16-32-59_WZrfTCmb1Mw.jpg,https://acv-labs-acv-one.acvauctions.com/image_raw/2f1cde66-74ed-4dd3-8810-11871b594905/left/bottom-rear/lr_wheel_rear_raw_2026-02-24_16-33-01_XqFXb2AOKmg.jpg
354,,https://acv-labs-acv-one.acvauctions.com/image_raw/2f1cde66-74ed-4dd3-8810-11871b594905/right/bottom-front/rf_wheel_front_raw_2026-02-24_16-33-03_x4lu7gAe1rI.jpg,https://acv-labs-acv-one.acvauctions.com/image_raw/2f1cde66-74ed-4dd3-8810-11871b594905/right/bottom-side/rf_wheel_raw_2026-02-24_16-32-59_fEwZZk4WihA.jpg,https://acv-labs-acv-one.acvauctions.com/image_raw/2f1cde66-74ed-4dd3-8810-11871b594905/right/bottom-rear/rf_wheel_rear_raw_2026-02-24_16-32-57_01KbiMkV-Us.jpg
355,,https://acv-labs-acv-one.acvauctions.com/image_raw/2f1cde66-74ed-4dd3-8810-11871b594905/right/bottom-front/rr_wheel_front_raw_2026-02-24_16-33-03_SCO-HVw7Hlc.jpg,https://acv-labs-acv-one.acvauctions.com/image_raw/2f1cde66-74ed-4dd3-8810-11871b594905/right/bottom-side/rr_wheel_raw_2026-02-24_16-32-59_hSctHns5rjY.jpg,https://acv-labs-acv-one.acvauctions.com/image_raw/2f1cde66-74ed-4dd3-8810-11871b594905/right/bottom-rear/rr_wheel_rear_raw_2026-02-24_16-32-58_HrKCwA-enA8.jpg
